SMILES	pIC50 (SARS-CoV-2 Mpro)	pIC50 (MERS-CoV Mpro)
COC[C@]1(C)C(=O)N(C2=CN=CC3=CC=CC=C23)C(=O)N1C |&1:3|	nan	4.19
C=C(CN1CCC2=C(C=C(Cl)C=C2)C1C(=O)NC1=CN=CC2=CC=CC=C12)C(N)=O	5.29	4.92
CNC(=O)CN1C[C@]2(C[C@H](C)N(C3=CN=CC=C3C3CC3)C2=O)C2=C(C=CC(Cl)=C2)C1=O	nan	4.73
C=C(CN1CCC2=C(C=C(Cl)C=C2)C1C(=O)NC1=CN=CC2=CC=CC=C12)C(=O)OC	6.11	4.9
C=C(CN1CCC2=C(C=C(Cl)C=C2)C1C(=O)NC1=CN=CC2=CC=CC=C12)C(=O)O	5.62	4.81
C=C(CN(C(=O)C1CCOC2=C1C=C(Cl)C=C2)C1=CN=CC2=CC=CC=C12)C(=O)NC1=CC=CC=C1	6.45	4.88
C=C(CN(C(=O)C1CCOC2=C1C=C(Cl)C=C2)C1=CN=CC2=CC=CC=C12)C(N)=O	5.56	4.81
CCN1CC2(C1)C(=O)N(C1=CN=CC3=CC=CC=C13)C(=O)N2C	nan	4.54
CCOC[C@]1(C)C(=O)N(C2=CN=CC3=CC=CC=C23)C(=O)N1C |&1:4|	nan	8.16
CN1C(=O)N(C2=CN=CC3=CC=CC=C23)C(=O)C12CN(CC1=CC=CC=C1)C2	5.4	4.84
CN1C(=O)N(C2=CN=CC3=CC=CC=C23)C(=O)C12CN(S(C)(=O)=O)C2	nan	4.69
CC(=O)N1CC2(C1)C(=O)N(C1=CN=CC3=CC=CC=C13)C(=O)N2C	nan	4.8
O=C1N[C@]2(C[C@@H](C3=C(Cl)C=CC=C3)C2)C(=O)N1C1=CN=CC2=CC=CC=C12	7.84	6.5
CN1CCN(C2=CC=CC=C2NC(=O)CN2CC3=CC=C(Cl)C=C3[C@H](C(=O)NC3=CN=CC4=CC=CC=C34)C2)CC1 |&1:24|	5.78	4.99
O=C(CN1CC2=CC=C(Cl)C=C2[C@H](C(=O)NC2=CN=CC3=CC=CC=C23)C1)NCC1=CC=CC(Br)=C1 |&1:12|	7.35	4.84
O=C(CN1CC2=CC=C(Cl)C=C2[C@H](C(=O)NC2=CN=CC3=CC=CC=C23)C1)NC1=CC=C(N2CCOCC2=O)C=C1 |&1:12|	7.17	5.05
O=C(CN1CC2=CC=C(Cl)C=C2[C@H](C(=O)NC2=CN=CC3=CC=CC=C23)C1)NCC1=CC=CC=C1 |&1:12|	7.22	5.37
O=C(CN1CC2=CC=C(Cl)C=C2[C@H](C(=O)NC2=CN=CC3=CC=CC=C23)C1)NCC1=CC=C(Br)C=C1 |&1:12|	6.86	5.45
O=C(CN1CC2=CC=C(Cl)C=C2[C@H](C(=O)NC2=CN=CC3=CC=CC=C23)C1)NCC1=CC(Cl)=CC(Cl)=C1 |&1:12|	7.16	5.31
O=C(CN1CC2=CC=C(Cl)C=C2[C@H](C(=O)NC2=CN=CC3=CC=CC=C23)C1)NCC1=CC=C2OCOC2=C1 |&1:12|	6.95	5.4
O=C(CN1CC2=CC=C(Cl)C=C2[C@H](C(=O)NC2=CN=CC3=CC=CC=C23)C1)NCC1=CC=C(F)C=C1 |&1:12|	7.11	5.38
O=C(CN1CC2=CC=C(Cl)C=C2[C@H](C(=O)NC2=CN=CC3=CC=CC=C23)C1)NCC1=CC=CC(Cl)=C1 |&1:12|	7.02	5.52
CC(C)(NC(=O)CN1CC2=CC=C(Cl)C=C2[C@H](C(=O)NC2=CN=CC3=CC=CC=C23)C1)C1=CC=CC=C1 |&1:16|	6.74	5.22
CC(=O)NC1=CC=C(NC(=O)CN2CC3=CC=C(Cl)C=C3[C@H](C(=O)NC3=CN=CC4=CC=CC=C34)C2)C=C1 |&1:21|	7.47	5.27
CC(C)(C)N(CC1=CC=CC=C1)C(=O)CN1CC2=CC=C(Cl)C=C2[C@H](C(=O)NC2=CN=CC3=CC=CC=C23)C1 |&1:24|	6.0	4.99
CC(=O)NC1=CC=C(N(C)C(=O)CN2CC3=CC=C(Cl)C=C3[C@H](C(=O)NC3=CN=CC4=CC=CC=C34)C2)C=C1 |&1:22|	5.83	5.26
O=C(CN1CC2=CC=C(Cl)C=C2[C@H](C(=O)NC2=CN=CC3=CC=CC=C23)C1)NCC1=CC=C(CCO)C=C1 |&1:12|	7.1	5.32
O=C(CN1CC2=CC=C(Cl)C=C2[C@H](C(=O)NC2=CN=CC3=CC=CC=C23)C1)NCC1=CC=CC(F)=C1 |&1:12|	7.14	5.36
O=C(CN1CC2=CC=C(Cl)C=C2[C@H](C(=O)NC2=CN=CC3=CC=CC=C23)C1)NCCC1=CC=CC(Cl)=C1 |&1:12|	7.21	5.22
CN(CCC1=CC=CC=C1)C(=O)CN1CC2=CC=C(Cl)C=C2[C@H](C(=O)NC2=CN=CC3=CC=CC=C23)C1 |&1:22|	6.01	5.04
O=C1C(C2=CC(Cl)=CC=C2)=CN=C(S)N1C1=CN=CC2=CC=CC=C12	6.86	5.04
O=C(NC1=C(Cl)N=CC2=CC=CC=C12)C1CCOC2=C1C=C(Cl)C=C2	nan	4.68
C=CC(=O)NC1=C(N(CC2=CC=CC(Cl)=C2)C(=O)CC2=CN=CC3=CC=CC=C23)C=CC=C1	5.16	5.18
N#CC1=C(NC(=O)C2CCOC3=C2C=C(Cl)C=C3)C2=CC=CC=C2C=N1	nan	4.06
C=CC(=O)NC(C(=O)NC1=CN=CC2=CC=CC=C12)C1=CC(Cl)=C(Cl)C=C1	5.5	5.16
O=C1[C@H]2CCCCN2C(=O)N1C1=CN=CC2=CC=CC=C12	nan	4.26
O=C1[C@@H]2CCCCN2C(=O)N1C1=CN=CC2=CC=CC=C12	4.19	4.29
C[C@H]1CC[C@@H]2C(=O)N(C3=CN=CC4=CC=CC=C34)C(=O)N2C1 |o1:1,4|	4.65	4.57
C[C@H]1CC[C@H]2C(=O)N(C3=CN=CC4=CC=CC=C34)C(=O)N2C1 |o1:1,4|	4.37	4.69
C[C@H]1CC[C@@H]2C(=O)N(C3=CN=CC4=CC=CC=C34)C(=O)N2C1 |o1:1,4|	4.21	4.34
C[C@H]1CC[C@H]2C(=O)N(C3=CN=CC4=CC=CC=C34)C(=O)N2C1 |o1:1,4|	nan	4.76
O=C1N[C@]2(C[C@@H](C3=CC=C(Cl)C=C3)C2)C(=O)N1C1=CN=CC2=CC=CC=C12	7.04	5.11
O=C1N[C@]2(C[C@@H](C3=CC=CC=C3)C2)C(=O)N1C1=CN=CC2=CC=CC=C12	6.87	5.02
CO[C@H]1CCN2C(=O)N(C3=CN=CC4=CC=CC=C34)C(=O)[C@@H]2C1 |&1:2,21|	4.03	4.28
O=C(O)CN1CC2=CC=C(Cl)C=C2[C@H](C(=O)NC2=CN=CC3=CC=CC=C23)C1 |&1:13|	5.01	3.94
O=C(CN1CC2=CC=C(Cl)C=C2[C@H](C(=O)NC2=CN=CC3=CC=CC=C23)C1)NCC1=C(Cl)C=CC=C1Cl |&1:12|	6.75	5.75
COC1=CC(CNC(=O)CN2CC3=CC=C(Cl)C=C3[C@H](C(=O)NC3=CN=CC4=CC=CC=C34)C2)=CC(OC)=C1 |&1:19|	7.16	5.95
O=C(CN1CC2=CC=C(Cl)C=C2[C@H](C(=O)NC2=CN=CC3=CC=CC=C23)C1)NC1=CC=C2SC=NC2=C1 |&1:12|	6.93	5.26
COC1=CC=C(CNC(=O)CN2CC3=CC=C(Cl)C=C3[C@H](C(=O)NC3=CN=CC4=CC=CC=C34)C2)C=C1OC |&1:20|	6.94	5.72
O=C(CN1CC2=CC=C(Cl)C=C2[C@H](C(=O)NC2=CN=CC3=CC=CC=C23)C1)NC1=CC=CC=C1 |&1:12|	7.01	5.65
CC1=CC=C2NC=C(CCNC(=O)CN3CC4=CC=C(Cl)C=C4[C@H](C(=O)NC4=CN=CC5=CC=CC=C45)C3)C2=C1 |&1:23|	7.12	5.64
CCOC1=CC=C(CNC(=O)CN2CC3=CC=C(Cl)C=C3[C@H](C(=O)NC3=CN=CC4=CC=CC=C34)C2)C=C1 |&1:21|	6.9	5.68
O=C(CN1CC2=CC=C(Cl)C=C2[C@H](C(=O)NC2=CN=CC3=CC=CC=C23)C1)NCCC1=CC=C(C(F)F)C=C1 |&1:12|	7.3	5.99
CCOC1=CC=CC=C1CNC(=O)CN1CC2=CC=C(Cl)C=C2[C@H](C(=O)NC2=CN=CC3=CC=CC=C23)C1 |&1:23|	6.94	6.04
O=C(CN1CC2=CC=C(Cl)C=C2[C@H](C(=O)NC2=CN=CC3=CC=CC=C23)C1)NCCC1=CC=C(C(F)(F)F)C=C1 |&1:12|	7.15	5.8
CN1CCN(C2=CC=C(NC(=O)CN3CC4=CC=C(Cl)C=C4[C@H](C(=O)NC4=CN=CC5=CC=CC=C45)C3)C=C2F)CC1 |&1:22|	7.24	5.28
CCC1=CC=C(CNC(=O)CN2CC3=CC=C(Cl)C=C3[C@H](C(=O)NC3=CN=CC4=CC=CC=C34)C2)C=C1 |&1:20|	6.99	6.03
CCOC1=CC=CC(CNC(=O)CN2CC3=CC=C(Cl)C=C3[C@H](C(=O)NC3=CN=CC4=CC=CC=C34)C2)=C1 |&1:22|	7.05	6.04
CC1=CC=C(CNC(=O)CN2CC3=CC=C(Cl)C=C3[C@H](C(=O)NC3=CN=CC4=CC=CC=C34)C2)C=C1 |&1:19|	6.96	5.78
O=C(CN1CC2=CC=C(Cl)C=C2[C@H](C(=O)NC2=CN=CC3=CC=CC=C23)C1)NC(C1=CC=CC=C1)C1=CC=CC=C1 |&1:12|	7.04	6.02
CN1CCN(C2=CC=C(NC(=O)CN3CC4=CC=C(Cl)C=C4[C@H](C(=O)NC4=CN=CC5=CC=CC=C45)C3)C=C2)CC1 |&1:22|	6.69	5.64
COC1=CC=C(CNC(=O)CN2CC3=CC=C(Cl)C=C3[C@H](C(=O)NC3=CN=CC4=CC=CC=C34)C2)C=C1 |&1:20|	7.08	5.87
CCN1CCN(C2=CC=C(NC(=O)CN3CC4=CC=C(Cl)C=C4[C@H](C(=O)NC4=CN=CC5=CC=CC=C45)C3)C=C2)CC1 |&1:23|	7.55	5.67
COC1=CC=CC(CNC(=O)CN2CC3=CC=C(Cl)C=C3[C@H](C(=O)NC3=CN=CC4=CC=CC=C34)C2)=C1 |&1:21|	7.08	5.96
COC1=CC=CC=C1CNC(=O)CN1CC2=CC=C(Cl)C=C2[C@H](C(=O)NC2=CN=CC3=CC=CC=C23)C1 |&1:22|	6.96	5.79
O=C(CN1CC2=CC=C(Cl)C=C2[C@H](C(=O)NC2=CN=CC3=CC=CC=C23)C1)NCCC1=CC=C(Cl)C=C1Cl |&1:12|	6.97	5.69
O=C(CN1CC2=CC=C(Cl)C=C2[C@H](C(=O)NC2=CN=CC3=CC=CC=C23)C1)NCCC1=CC=C(Cl)C(Cl)=C1 |&1:12|	7.15	5.77
CCN1CCN(C2=CC=C(NC(=O)CN3CC4=CC=C(Cl)C=C4[C@H](C(=O)NC4=CN=CC5=CC=CC=C45)C3)C=C2F)CC1 |&1:23|	7.43	5.45
CC1=CC=C(CCNC(=O)CN2CC3=CC=C(Cl)C=C3[C@H](C(=O)NC3=CN=CC4=CC=CC=C34)C2)C=C1 |&1:20|	7.12	5.8
CO[C@H]1CC[C@@H]2C(=O)N(C3=CN=CC4=CC=CC=C34)C(=O)N2C1 |o1:2,5|	4.22	4.23
CO[C@H]1CC[C@@H]2C(=O)N(C3=CN=CC4=CC=CC=C34)C(=O)N2C1 |o1:2,5|	4.43	3.95
CO[C@H]1CC[C@H]2C(=O)N(C3=CN=CC4=CC=CC=C34)C(=O)N2C1 |o1:2,5|	nan	4.29
CO[C@H]1CCN2C(=O)N(C3=CN=CC4=CC=CC=C34)C(=O)[C@H]2C1 |o1:2,21|	nan	4.21
CO[C@H]1CC[C@H]2C(=O)N(C3=CN=CC4=CC=CC=C34)C(=O)N2C1 |o1:2,5|	nan	4.22
CO[C@H]1CCN2C(=O)N(C3=CN=CC4=CC=CC=C34)C(=O)[C@H]2C1 |o1:2,21|	nan	4.25
CN1CCN2C(=O)N(C3=CN=CC4=CC=CC=C34)C(=O)[C@@H]2C1	nan	4.2
O=C1[C@@H]2CN(CC3=CC=CC=C3)CCN2C(=O)N1C1=CN=CC2=CC=CC=C12	5.54	4.3
CS(=O)(=O)N1CCN2C(=O)N(C3=CN=CC4=CC=CC=C34)C(=O)[C@@H]2C1	nan	4.24
C[C@H]1CCN2C(=O)N(C3=CN=CC4=CC=CC=C34)C(=O)[C@@H]2C1 |o1:1,20|	4.12	4.27
C[C@H]1CCN2C(=O)N(C3=CN=CC4=CC=CC=C34)C(=O)[C@@H]2C1 |o1:1,20|	4.1	4.41
CCN1CCN2C(=O)N(C3=CN=CC4=CC=CC=C34)C(=O)[C@@H]2C1	nan	4.28
CNC(=O)CN1C[C@@]2(C(=O)N(C3=CN=CC4=CC=CC=C34)C[C@H]2C)C2=CC(Cl)=CC=C2C1=O	5.62	4.23
O=C1N[C@]2(C[C@H](C3=CC=CC=C3)C2)C(=O)N1C1=CN=CC2=CC=CC=C12	6.69	4.71
O=[S@](CC1=CC=CC(NC2=NC=NC3=C2C=CN3)=C1)C1=CC=CC=C1 |&1:1|	nan	4.94
C[C@H]1CCN2C(=O)N(C3=CN=CC4=CC=CC=C34)C(=O)[C@H]2C1 |o1:1,20|	nan	4.52
C[C@H]1CC[C@]2(CO1)NC(=O)N(C1=CN=CC3=CC=CC=C13)C2=O |&1:1,4|	4.19	4.31
C[C@H]1CCN2C(=O)N(C3=CN=CC4=CC=CC=C34)C(=O)[C@H]2C1 |o1:1,20|	4.12	3.96
CNC(=O)CN1C[C@]2(C(=O)N(C3=CN=CC4=CC=CC=C34)CC2(C)C)C2=C(C=CC(Cl)=C2)C1=O |o1:7|	nan	4.26
CNC(=O)CN1C[C@]2(C(=O)N(C3=CN=CC4=CC=CC=C34)CC2(C)C)C2=C(C=CC(Cl)=C2)C1=O |o1:7|	5.18	4.13
O=C(CN1CC2=C(C=C(Cl)C=C2)[C@H](C(=O)NC2=CN=CC3=CC=CC=C23)C1)NC1=NC=C(C(F)(F)F)C=C1 |&1:12|	6.39	5.01
CC(C)(C)[C@H](NC(=O)C(F)(F)F)C(=O)N1C[C@H]2[C@@H]([C@H]1C(=O)N[C@H](C#N)C[C@@H]1CCNC1=O)C2(C)C	8.68	7.25
C[C@H]1CCOC[C@@]12NC(=O)N(C1=CN=CC3=CC=CC=C13)C2=O |&1:1,6|	nan	4.25
C[C@H]1CCOC[C@]12NC(=O)N(C1=CN=CC3=CC=CC=C13)C2=O |&1:1,6|	nan	4.23
C[C@H]1OCCC[C@]12NC(=O)N(C1=CN=CC3=CC=CC=C13)C2=O |&1:1,&2:6|	4.02	4.3
CC(=O)N1C[C@@H]2C[C@H]1[C@H]1C(=O)N(C3=CN=CC4=CC=CC=C34)C(=O)N21 |o1:8|	nan	4.02
CNC(=O)CN1C[C@]2(C(=O)N(C3=CN=CC4=CC=CC=C34)C[C@H]2COC)C2=CC(Cl)=CC=C2C1=O |o1:7,22|	5.73	4.36
CCS(=O)(=O)N1CC2(C1)C(=O)N(C1=CN=CC3=CC=CC=C13)C(=O)N2C	4.76	4.18
CNC(=O)CN1C[C@]2(C(=O)N(C3=CN=CC4=CC=CC=C34)C[C@@H]2C)C2=CC(F)=CC=C2C1=O	5.39	4.3
CN1C(=O)N(C2=CN=CC3=CC=CC=C23)C(=O)C12CN(S(=O)(=O)C1CC1)C2	4.74	4.13
CNC(=O)CN1C[C@]2(C(=O)N(C3=CN=CC4=CC=CC=C34)C[C@H]2CC2=CC=CC=C2)C2=CC(Cl)=CC=C2C1=O |o1:7,22|	5.81	4.75
CNC(=O)CN1C[C@@]2(C(=O)N(C3=CN=CC4=CC=CC=C34)C[C@H]2CC2=CC=CC=C2)C2=CC(Cl)=CC=C2C1=O |o1:7,22|	5.43	4.28
CNC(=O)CN1C[C@]2(C(=O)N(C3=CN=CC4=CC=CC=C34)C[C@H]2CO)C2=CC(Cl)=CC=C2C1=O |o1:7,22|	6.38	5.01
O=C1C[C@H](CC2=CC=CC=C2)CN1C1=CN=CC2=CC=CC=C12 |&1:3|	4.91	4.38
CNC(=O)CN1C[C@]2(C(=O)N(C3=CN=CC4=CC=CC=C34)C[C@@H]2CC2=CC=CC=C2)C2=CC(Cl)=CC=C2C1=O	5.2	4.09
O=C1N[C@]2(CCOC3=CC=NC=C32)C(=O)N1C1=CN=CC2=CC=CC=C12 |&1:3|	4.27	4.27
NS(=O)(=O)C1=CC=C2OCC[C@]3(NC(=O)N(C4=CN=CC5=CC=CC=C45)C3=O)C2=C1 |&1:11|	4.65	4.28
C[C@H]1COC[C@@]2(C1)NC(=O)N(C1=CN=CC3=CC=CC=C13)C2=O |&1:1,5|	4.24	4.28
CC(=O)N1C[C@@H]2C[C@H]1[C@H]1C(=O)N(C3=CN=CC4=CC=CC=C34)C(=O)N21 |a:5,7,o1:8|	nan	4.12
C=C(CN[C@]1(C(=O)NC2=CN=CC3=CC=CC=C23)CCOC2=CC=C(Cl)C=C21)C(=O)OC(C)(C)C	nan	5.05
CN1C(=O)N(C2=CN=CC3=CC=CC=C23)C(=O)C12CN(S(=O)(=O)C1=CC=CC=C1)C2	5.12	4.55
CC1(C)CCN(S(C)(=O)=O)C[C@]12NC(=O)N(C1=CN=CC3=CC=CC=C13)C2=O |o1:11|	4.47	4.22
C[C@H]1COC[C@]2(C1)NC(=O)N(C1=CN=CC3=CC=CC=C13)C2=O |&1:1,5|	5.21	4.85
NS(=O)(=O)OCC(=O)N1CCN(S(=O)(=O)C2=CSC=C2)[C@H](C(=O)NCC2=CC=CC=N2)C1 |&1:20|	4.09	3.87
C=C(CN(C(=O)NC1=CN=CC2=CC=CC=C12)C1=CC=CC(Cl)=C1)C(=O)O	5.49	4.54
O=C1[C@H](C2=CC=C(Cl)C(Cl)=C2)C[C@H](O)CN1C1=CN=CC2=CC=CC=C12 |&1:2,&2:12|	5.47	4.31
O=C(CCl)N[C@H](C1=CC=CC(Cl)=C1)C1=NC=CS1 |&1:5|	nan	4.25
CNS(=O)(=O)OCC(=O)N1CCN(CC2=CC=CC(Cl)=C2)[C@H](CC(C)C)C1 |&1:21|	5.78	5.21
C=C(CN(C(=O)[C@H]1CCOC2=CC=C(Cl)C=C21)C1=CN=CC2=CC=CC=C12)C(=O)N1CCCCC1 |&1:6|	nan	4.25
C[C@H](NC(=O)COS(N)(=O)=O)C1=CC(Cl)=CC(C2=CC=C(S(N)(=O)=O)C=C2)=C1 |&1:1|	5.75	4.26
CC(C)C[C@H]1CN(C(=O)COS(N)(=O)=O)CCN1CC1=CC=CC(Cl)=C1 |&1:4|	5.17	5.08
CC(C)C[C@H]1CN(C(=O)COS(=O)(=O)N(C)C)CCN1CC1=CC=CC(Cl)=C1 |&1:4|	5.99	4.02
C=C(CN(C(=O)NC1=CN=CC2=CC=CC=C12)C1=CC=CC(Cl)=C1)C(=O)NCC	5.77	4.58
C=C(CN(C(=O)NC1=CN=CC2=CC=CC=C12)C1=CC=CC(Cl)=C1)C(N)=O	5.19	4.39
C[C@H]1CC[C@]2(CN1S(C)(=O)=O)NC(=O)N(C1=CN=CC3=CC=CC=C13)C2=O |&1:1,4|	4.45	4.72
O=C1N[C@H](CC2=CC=CC=C2)C(=O)N1C1=CN=CC2=CC=CC=C12	4.5	4.87
CNC(=O)CN1C[C@]2(C(=O)N(C3=CN=CC4=CC=CC=C34)C[C@H]2CO)C2=CC(Cl)=CC=C2C1=O |o1:7,o2:22|	6.47	5.36
O=C1C[C@H](CC2=CC=CC=C2)C(=O)N1C1=CN=CC2=CC=CC=C12 |&1:3|	4.62	3.85
O=C1N[C@H](CC2CC2)C(=O)N1C1=CN=CC2=CC=CC=C12 |&1:3|	4.31	4.36
CNC(=O)CN1C[C@@]2(C(=O)N(C3=CN=CC4=CC=CC=C34)C[C@@H]2CC2=CC=CC=C2)C2=CC(Cl)=CC=C2C1=O	7.16	5.98
O=C1N[C@@H](CC2=CC=CC=C2)C(=O)N1C1=CN=CC2=CC=CC=C12	4.4	4.36
NC(=O)C1=CC=C2OCC[C@]3(NC(=O)N(C4=CN=CC5=CC=CC=C45)C3=O)C2=C1 |&1:10|	4.85	4.34
C=C(CN(C(=O)[C@H]1CCOC2=CC=C(Cl)C=C21)C1=CN=CC2=CC=CC=C12)C(=O)NC1=CC=C(Cl)C=C1 |&1:6|	5.18	4.33
CC(=O)N1C[C@@]2(CC[C@H]1C)NC(=O)N(C1=CN=CC3=CC=CC=C13)C2=O |&1:5,8|	4.36	4.44
CN1C(=O)N(C2=CN=CC3=CC=CC=C23)C(=O)[C@@H]1CC1=CC=CC=C1	4.06	nan
C[C@H]1CC[C@@]2(CN1S(C)(=O)=O)NC(=O)N(C1=CN=CC3=CC=CC=C13)C2=O |&1:1,4|	4.12	4.31
CN1N=CC2=CN=CC(NC(=O)[C@H]3CNS(=O)(=O)C4=CC=C(Cl)C=C43)=C21 |o1:12|	6.06	4.2
CN1N=CC2=CN=CC(NC(=O)[C@H]3CNS(=O)(=O)C4=CC=C(Cl)C=C43)=C21 |o1:12|	5.07	4.76
CN1C(CC2=CC=CC=C2)=NN(C2=CN=CC3=CC=CC=C23)C1=O	5.04	4.43
CNS(=O)(=O)OCC(=O)N[C@H](C)C1=CC(Cl)=CC(C2=CC=C(S(N)(=O)=O)C=C2)=C1 |&1:10|	5.76	4.19
C=C(CN(C(=O)[C@H]1CCOC2=CC=C(Cl)C=C21)C1=CN=CC2=CC=CC=C12)C(=O)NCC1=CC=CC=C1 |&1:6|	5.24	5.23
CC(=O)N1C[C@]2(CC[C@H]1C)NC(=O)N(C1=CN=CC3=CC=CC=C13)C2=O |&1:5,8|	4.21	4.34
CNC(=O)CN1C[C@]2(C(=O)N(C3=CN=CC4=CC=CC=C34)CC23CC3)C2=CC(Cl)=CC=C2C1=O |&1:7|	6.1	4.74
O=C1C[C@H](CC2CC2)CN1C1=CN=CC2=CC=CC=C12 |&1:3|	nan	3.58
C=C(CN(C(=O)[C@H]1CCOC2=CC=C(Cl)C=C21)C1=CN=CC2=CC=CC=C12)C(=O)N(C)C1=CC=CC=C1 |&1:6|	5.55	3.94
CN1C=NC(CN2C(=O)N/C(=N\C3=CC4=CN(C)N=C4C=C3Cl)N(CC3=CC(F)=C(F)C=C3F)C2=O)=N1	8.43	6.46
CCCCNC(=O)C1=CN=C([C@H](NC(=O)CCl)C2=CC=CC(Cl)=C2)S1 |&1:11|	5.25	4.32
CN1C(=O)N(C2=CN=CC3=CC=CC=C23)C(=O)[C@H]1CC1=CC=CC=C1	4.06	4.46
O=C1C[C@H](CC2=CC=CC=C2Cl)CN1C1=CN=CC2=CC=CC=C12 |&1:3|	5.14	4.32
COC1=CC=CC(CNC(=O)CN2C[C@]3(C(=O)N(C4=CN=CC5=CC=CC=C45)C[C@@H]3C)C3=CC=CC=C3C2=O)=C1	4.59	4.3
O=C1N[C@]2(C[C@@H](C3=C(F)C=CC=C3F)C2)C(=O)N1C1=CN=CC2=CC=CC=C12	7.06	5.4
O=C1N[C@@]2(CC[C@H](C3=CC=CC=C3)OC2)C(=O)N1C1=CN=CC2=CC=CC=C12 |&1:3,6|	5.2	4.34
O=C1N[C@]2(CC[C@H](C3=CC=CC=C3)OC2)C(=O)N1C1=CN=CC2=CC=CC=C12 |&1:3,6|	5.69	4.67
COC1=CC=CC(CNC(=O)CN2C[C@@]3(C(=O)N(C4=CN=CC5=CC=CC=C45)C[C@@H]3C)C3=CC=CC=C3C2=O)=C1	6.31	5.87
O=C1C[C@H](CC2=CC=CC=C2)NN1C1=CN=CC2=CC=CC=C12 |&1:3|	5.16	4.31
O=C(NCC1=CC=CC=N1)[C@H]1CN(C(=O)COS(=O)(=O)NC2=CC=CC=C2)CCN1S(=O)(=O)C1=CSC=C1 |&1:10|	4.75	4.18
CNS(=O)(=O)OCC(=O)N1CCN(S(=O)(=O)C2=CSC=C2)[C@H](C(=O)NCC2=CC=CC=N2)C1 |&1:21|	4.79	nan
CC1=CN=CC(CC(=O)NC2=CN=CC3=CC=CC=C23)=C1	4.99	3.8
O=C(C[C@H]1CCCC(F)(F)C1)NC1=CN=CC2=CC=CC=C12 |&1:3|	5.23	4.74
CC1=CC=C(CC(=O)NC2=CN=CC3=CC=CC=C23)C(F)=C1F	nan	5.06
O=C(CC1=C(Cl)C(Cl)=CC=C1)NC1=CN=CC2=CC=CC=C12	nan	5.03
COC1=CC=C(C)C=C1CC(=O)NC1=CN=CC2=CC=CC=C12	5.25	4.38
CC1=CC=CC(CC(=O)NC2=CN=CC3=CC=CC=C23)=C1Cl	nan	4.38
CC1=CC(F)=CC(CC(=O)NC2=CN=CC3=CC=CC=C23)=C1	5.79	5.33
O=C1C[C@H](C(=O)NC2=CN=CC3=CC=CC=C23)C2=CC=CC=C2N1 |&1:3|	4.65	3.78
O=C(CC1=C(F)C=C(F)C(F)=C1)NC1=CN=CC2=CC=CC=C12	5.69	5.35
O=C(CC1=C(F)C(F)=CC(F)=C1F)NC1=CN=CC2=CC=CC=C12	nan	5.01
CC1=CC=C(F)C(CC(=O)NC2=CN=CC3=CC=CC=C23)=C1	5.29	5.36
C[C@H]1CN(C2=CN=CC3=CC=CC=C23)C(=O)[C@@]12CN(CC(=O)NCC1=CC=NN1C)C(=O)C1=CC=CC=C12	5.82	5.02
C[C@H]1CN(C2=CN=CC3=CC=CC=C23)C(=O)[C@@]12CN(CC(=O)NCC1=NN(C)C=C1)C(=O)C1=CC=CC=C12	5.59	5.12
O=C(CC1=CC(F)=CN=C1)NC1=CN=CC2=CC=CC=C12	5.33	4.18
COC1=CC=CC(CNC(=O)CN2C[C@@]3(C(=O)N(C4=CN=CC5=CC=CC=C45)C[C@@H]3C)C3=CC(Cl)=CC=C3C2=O)=C1	7.16	6.6
CC1=CC=C(F)C=C1C(F)(F)C(=O)NC1=CN=CC2=CC=CC=C12	5.0	3.84
O=C(NC1=CN=CC2=CC=CC=C12)C(F)(F)C1=CC=C(F)C(F)=C1	5.16	3.88
CC(F)(F)[C@H](C(=O)NC1=CN=CC2=CC=CC=C12)C1=CC=CC=C1 |&1:4|	4.91	3.95
O=C(NC1=CN=CC2=CC=CC=C12)C(F)(F)C1=CC(F)=CC(F)=C1	5.53	4.16
O=C(CC1=CC(F)=CC=C1F)NC1=CN=CC2=CC=CC=C12	5.69	4.58
O=C(CC1=C(F)C(F)=CC=C1)NC1=CN=CC2=CC=CC=C12	4.66	4.95
O=C(CC1=CC=CC=C1F)NC1=CN=CC2=CC=CC=C12	4.44	1.3
CC[C@H](C(=O)NC1=CN=CC2=CC=CC=C12)C1=CC=CC=C1 |&1:2|	5.03	3.95
CC1=CC(F)=CC=C1C(F)(F)C(=O)NC1=CN=CC2=CC=CC=C12	4.56	2.43
C[C@H]1COC2=CC=CC=C2[C@H]1C(=O)NC1=CN=CC2=CC=CC=C12 |&1:1,&2:10|	4.71	4.77
CC1=CC=C(F)C=C1CC(=O)NC1=CN=CC2=CC=CC=C12	5.73	4.44
O=C(CC1=CC(F)=CC=C1Cl)NC1=CN=CC2=CC=CC=C12	5.56	4.54
CC1=CC2=C(C=C1C)[C@H](C(=O)NC1=CN=CC3=CC=CC=C13)CO2 |&1:8|	5.34	5.29
O=C(NC1=CN=CC2=CC=CC=C12)[C@H](CC(F)(F)F)C1=CC(F)=CC=C1 |&1:13|	5.2	4.1
C[C@H](C(=O)NC1=CN=CC2=CC=CC=C12)C1=CC=CC(Cl)=C1 |&1:1|	5.94	4.62
CC1=CC=CC(CC(=O)NC2=CN=CC3=CC=CC=C23)=C1F	4.2	4.27
O=C(CC1=C(F)C(F)=CC=C1F)NC1=CN=CC2=CC=CC=C12	4.51	1.0
O=C(CC1=CC=C(F)C(F)=C1F)NC1=CN=CC2=CC=CC=C12	4.8	5.34
O=C(CC1=C(F)C=CC=C1F)NC1=CN=CC2=CC=CC=C12	nan	4.35
CC[C@H](C(=O)NC1=CN=CC2=CC=CC=C12)C1=CC(F)=C(F)C(F)=C1 |&1:2|	6.11	4.53
CC1=CC=C([C@H](C(=O)NC2=CN=CC3=CC=CC=C23)C2CC2)C=C1 |&1:5|	4.73	4.31
O=C(CC1=CC(F)=CC(F)=C1F)NC1=CN=CC2=CC=CC=C12	5.82	5.63
O=C(NC1=CN=CC2=CC=CC=C12)[C@H]1COC2=CC=C(F)C=C21 |&1:13|	5.46	4.6
O=C(CC1=CC=C(F)C=C1F)NC1=CN=CC2=CC=CC=C12	4.6	5.0
O=C(CC1=CC(Cl)=CC=C1F)NC1=CN=CC2=CC=CC=C12	5.97	4.81
O=C(CC1=CC(F)=CC(F)=C1)NC1=CN=CC2=CC=CC=C12	6.19	4.88
O=C1N[C@]2(CCOC3=CC=CC=C32)C(=O)N1C1=CN=CC2=CC=CC=C12 |&1:3|	4.82	4.63
CNC(=O)CN1C[C@@]2(C(=O)N(C3=CN=CC4=CC=CC=C34)C[C@@H]2C)C2=CC=C(F)C=C2C1=O	6.28	5.35
O=C1N[C@]2(CCOC3=CC=C(CO)C=C32)C(=O)N1C1=CN=CC2=CC=CC=C12 |&1:3|	4.87	4.52
CNC(=O)CN1C[C@]2(C(=O)N(C3=CN=CC4=CC=CC=C34)C[C@H]2CC2CC2)C2=CC(Cl)=CC=C2C1=O |o1:7,22|	5.27	4.15
CCCCNC(=O)C1=CN=C([C@H](NC(=O)CCl)C2=CC=CC=C2)S1 |&1:11|	4.72	4.73
COC1=CC=C(CNC2=CN=C([C@H](NC(=O)CCl)C3=CC=CC=C3)S2)C(OC)=C1 |&1:12|	4.33	4.11
CNC(=O)CN1C[C@@]2(C(=O)N(C3=CN=CC=C3C3CC3)C[C@@H]2C)C2=CC(Cl)=CC=C2C1=O	6.33	5.08
CN1N=CC(C2CCC2)=C1CNC(=O)C1=CN=CC2=CC=CC=C12	4.25	4.16
O=C(NCCC1=CNC2=NC=C(F)C=C12)C1=CN=CC2=CC=CC=C12	4.42	3.85
O=C(NCCC1=CNC2=CC(F)=CC=C12)C1=CN=CC2=CC=CC=C12	nan	4.05
CC(C)(NC(=O)C1=CN=CC2=CC=CC=C12)C1=CC=CC(C#N)=C1	4.23	4.3
C[C@H](NC(=O)C1=CN=CC2=CC=CC=C12)C1=NC2=CC=CC=C2N1C |&1:1|	4.06	3.84
O=C(C1=CN=CC2=CC=CC=C12)N1CC[C@H]1C1=CC=CC(F)=C1 |&1:15|	nan	4.29
CNC(=O)CN1C[C@@]2(C(=O)N(C3=CN=CC4=CC=CC=C34)C[C@@H]2C)C2=CC=CC(F)=C2C1=O	5.89	5.25
CC1=NC=C(CNC(=O)C2=CN=CC3=CC=CC=C23)N1C1=CC=CC=C1	nan	4.1
CN(C(=O)C1=CN=CC2=CC=CC=C12)[C@H]1C2=CC=CC=C2C[C@H]1O	nan	4.19
O=C(NCCC(=O)N1CCCCC1)C1=CN=CC2=CC=CC=C12	4.09	4.26
O=C(NCC1=CC=CC=C1N1C=CN=C1)C1=CN=CC2=CC=CC=C12	nan	4.24
CNC(=O)CN1C[C@@]2(C(=O)N(C3=CN=CC4=CC=CC=C34)C[C@@H]2C)C2=CN=CC=C2C1=O	5.59	4.45
O=C(NCC1=CNC2=CC=C(F)C=C12)C1=CN=CC2=CC=CC=C12	4.72	3.42
CC1=CC=CC2=C1C=C(CNC(=O)C1=CN=CC3=CC=CC=C13)N2	4.87	3.66
CN1C2=CC=CC=C2N(CCNC(=O)C2=CN=CC3=CC=CC=C23)S1(=O)=O	4.15	4.3
O=C(NCC1=CC2=C(CCCC2)N=C1O)C1=CN=CC2=CC=CC=C12	4.46	4.32
CN(C(=O)C1=CC=CN=C1)[C@H]1C2=CC=CC=C2C[C@H]1O	nan	5.23
CN(CC(=O)NC(C1=CC=CC=C1)C1=CC=CC=C1)C(=O)C1=CC=CN=C1	nan	4.3
O=C(C1=CN=CC2=CC=CC=C12)N1CCCC[C@H]1C1=CC=CC(F)=C1 |&1:17|	nan	4.38
CC1=NN(C2=CC=C(Cl)C=C2)C(NC(=O)C2=CN=CC3=CC=CC=C23)=C1C	nan	7.88
CC1=C(CCNC(=O)C2=CN=CC3=CC=CC=C23)C2=CC(O)=CC=C2N1	nan	4.23
O=C(NCCN1C(=O)CC2=CC=CC=C21)C1=CN=CC2=CC=CC=C12	nan	4.21
O=C(NCC1=NC2=CC(Cl)=CC=C2S1)C1=CN=CC2=CC=CC=C12	4.04	4.96
NC(=O)C1(NC(=O)C2=CN=CC3=CC=CC=C23)CC2=CC=CC=C2C1	nan	4.25
O=C(NCCC1=CNC2=CC=C(Cl)C=C12)C1=CN=CC2=CC=CC=C12	4.91	4.08
CC1=CN=C2NC=C(CCNC(=O)C3=CN=CC4=CC=CC=C34)C2=C1	nan	4.36
O=C(C1=CN=CC2=CC=CC=C12)N1CCCC[C@H]1C1=CC=CC=C1	nan	4.39
CN1C(CNC(=O)C2=CN=CC3=CC=CC=C23)=NC2=CC=CC=C21	4.07	3.58
O=C(N[C@H]1C2=CC=CC=C2C[C@H]1O)C1=CN=CC2=CC=CC=C12	nan	3.76
CN(CC1=CC=CC(O)=C1)C(=O)C1=CN=CC2=CC=CC=C12	nan	6.25
CN(CC1=NN(C2=CC=CC=C2)N=C1)C(=O)C1=CN=CC2=CC=CC=C12	nan	7.33
O=C(NCC1=CC=CC=C1N1C=CC=N1)C1=CN=CC2=CC=CC=C12	nan	4.29
CN(CC1=CC=C2C=CNC2=C1)C(=O)C1=CN=CC2=CC=CC=C12	nan	4.19
O=C(C1=CN=CC2=CC=CC=C12)N1CCC[C@H]1C1=CC=CC=C1	nan	4.27
COC1=CC=C2NC=C(CCNC(=O)C3=CN=CC4=CC=CC=C34)C2=C1	4.24	4.52
CN1CCN(C(=O)CCCNC(=O)C2=CN=CC3=CC=CC=C23)CC1	nan	4.37
O=C(NCCC1=NC=CN1C1=CC=CC=C1)C1=CN=CC2=CC=CC=C12	nan	4.26
O=C(C1=CN=CC2=CC=CC=C12)N1CCC(CC2=CC=C(F)C=C2)CC1	5.1	4.23
COC1=CC=C2OCC[C@@H](NC(=O)C3=CN=CC4=CC=CC=C34)C2=C1	nan	3.9
CC1=CC=C([C@H](CO)NC(=O)C2=CN=CC3=CC=CC=C23)C=C1 |&1:5|	nan	4.47
CN1N=C(CNC(=O)C2=CN=CC3=CC=CC=C23)C2=CC=CC=C2C1=O	nan	3.61
CC1=NC=C2CC[C@H](NC(=O)C3=CN=CC4=CC=CC=C34)CN21 |&1:7|	nan	4.15
O=C(NCCC1=CNC2=CC=C(F)C=C12)C1=CN=CC2=CC=CC=C12	4.82	3.82
O=C(NCCN1CCC2=CC=CC=C2C1=O)C1=CN=CC2=CC=CC=C12	nan	4.17
O=C(NC1CN(C2=CC=NC=C2)C1)C1=CN=CC2=CC=CC=C12	nan	4.33
O=C(N[C@H]1C2=CC=CC=C2C[C@@H]1O)C1=CN=CC2=CC=CC=C12	nan	4.35
O=C(NCC1=NC=CN1C1=CC=CC=C1)C1=CN=CC2=CC=CC=C12	nan	4.17
O=C(NCC1=CC=NN1C1=CC=CC=C1)C1=CN=CC2=CC=CC=C12	nan	4.21
O=C(NCCC1=CNC2=NC=C(Cl)C=C12)C1=CN=CC2=CC=CC=C12	4.32	4.06
C[C@@H](NC(=O)C1=CN=CC2=CC=CC=C12)C1=CSC2=CC=CC=C12	nan	4.48
O=C(NCC1=CSC2=CC=C(Cl)C=C12)C1=CN=CC2=CC=CC=C12	nan	4.12
O=C(NCC(=O)N1CCCC2=CC=CC=C21)C1=CN=CC2=CC=CC=C12	nan	4.24
O=C(C1=CN=CC2=CC=CC=C12)N1CC[C@H]1C1=CC=CC=C1	nan	4.33
O=C(C1=CN=CC2=CC=CC=C12)N1CC[C@H]1C1=CC=CC=C1F |&1:15|	nan	4.21
N#CC1=CC=CC=C1CNC(=O)C1=CN=CC2=CC=CC=C12	nan	4.0
O=C(NCC(=O)N1CCCC1)C1=CN=CC2=CC=CC=C12	nan	5.13
CN(CC1=NC2=CC=CC=C2N1C)C(=O)C1=CN=CC2=CC=CC=C12	nan	4.31
CN1C(CNC(=O)C2=CN=CC3=CC=CC=C23)=NC2=CC(F)=CC=C21	nan	4.5
COC1=CC=C(O)C([C@H](C)NC(=O)C2=CN=CC3=CC=CC=C23)=C1 |&1:8|	nan	4.3
O=C(NCCOC1=CC(Cl)=CC=N1)C1=CN=CC2=CC=CC=C12	4.8	3.65
O=C(N[C@@H]1C[C@H](O)C2=CC=CC=C21)C1=CN=CC2=CC=CC=C12 |&1:3,5|	nan	4.5
O=C(NCC1=CC(=O)NC2=CC=CC=C12)C1=CN=CC2=CC=CC=C12	nan	4.15
CN(CC1=CC=CC(C#N)=C1)C(=O)C1=CN=CC2=CC=CC=C12	nan	4.18
O=C(NCCC1=CNC2=CN=CC=C12)C1=CN=CC2=CC=CC=C12	nan	3.92
O=C(NCC1=NC2=CC=CC=C2N1)C1=CN=CC2=CC=CC=C12	4.23	4.52
CC1=CC=C(F)C(CN(C)C(=O)C2=CN=CC3=CC=CC=C23)=C1	nan	4.21
C[C@H](C1=CC=C(F)C=C1)N(C)C(=O)C1=CN=CC2=CC=CC=C12	nan	4.18
O=C1C(C2=CC=CC(Cl)=C2)=CN=CN1C1=CN=CC2=CC=CC=C12	5.78	4.76
O=C(C1=CN=CC2=CC=CC=C12)N1CCOC[C@H]1C1=CC=CC(Cl)=C1 |&1:17|	nan	4.2
CC1=CC([C@H]2CCCN2C(=O)C2=CN=CC3=CC=CC=C23)=CC=N1 |&1:4|	nan	4.16
CC1=CC=C(Cl)C([C@H]2CCCN2C(=O)C2=CN=CC3=CC=CC=C23)=C1 |&1:7|	nan	9.0
CN(C(=O)C1=CN=CC2=CC=CC=C12)[C@H]1CC2=CC=CC=C2[C@H]1O |&1:14,22|	nan	4.21
CC1=CC=C2NC=C(CCNC(=O)C3=CN=CC4=CC=CC=C34)C2=N1	nan	4.25
CN(CCC1=CC=NC=C1)C(=O)C1=CN=CC2=CC=CC=C12	nan	4.37
COC1=CC=C(Cl)C=C1[C@H]1CCCCN1C(=O)C1=CN=CC2=CC=CC=C12 |&1:9|	nan	4.31
CN(C(=O)C1=CN=CC2=CC=CC=C12)[C@H](C1=CC=CC(Cl)=C1)C1=CC=CC=N1 |&1:14|	nan	3.84
CC1=NC=C(C2=CC=CC(Cl)=C2)C(=O)N1C1=CN=CC2=CC=CC=C12	4.8	4.91
O=C(C1=CN=CC2=CC=CC=C12)N1CCCC[C@H]1C1=CC=CC=N1 |&1:17|	nan	4.29
O=C(N[C@H]1CCCN(C(=O)C2=CN=CC3=CC=CC=C23)C1)C1=CC=C(Cl)C=C1 |&1:3|	nan	4.22
CCC1=CC=C2C(=C1)[C@H](NC(=O)C1=CN=CC3=CC=CC=C13)C(=O)N2C |&1:8|	nan	4.28
O=C(C1=CN=CC2=CC=CC=C12)N1CCCC[C@H]1C1=CC=CC(Cl)=C1 |&1:17|	nan	4.37
CC1=CC=CC=C1[C@H]1[C@H](O)CCN1C(=O)C1=CN=CC2=CC=CC=C12 |&1:7,&2:8|	nan	3.7
O=C(C1=CN=CC2=CC=CC=C12)N1CCCC[C@H]1C1=CC=C(Cl)C=C1 |&1:17|	nan	4.44
CN(CCC1=CC=CC=C1)C(=O)C1=CN=CC2=CC=CC=C12	nan	4.25
CC(C)C[C@H](NC(=O)OC1CC2(C1)CN(C(=O)CC1=CC=CC=C1)C2)C(=O)N[C@H](C=O)C[C@@H]1CCNC1=O	4.2	4.7
CN(CC1=CN=C2C=CC=CN12)C(=O)C1=CN=CC2=CC=CC=C12	nan	4.94
CC(C)C[C@H]1CN(C(=O)COS(=O)(=O)N2CCN(C)CC2)CCN1CC1=CC=CC(Cl)=C1 |&1:4|	nan	3.99
CC(C)C[C@H]1CN(C(=O)COS(=O)(=O)N2CCCC2)CCN1CC1=CC=CC(Cl)=C1 |&1:4|	5.83	4.17
CC(C)C[C@H]1CN(C(=O)COS(=O)(=O)N2CCCCC2)CCN1CC1=CC=CC(Cl)=C1 |&1:4|	6.41	4.86
CN1C[C@H](C(=O)NC2=CN=CC3=CC=CC=C23)C2=CC(Cl)=CC=C2C1=O |o1:3|	5.17	4.13
CN1C[C@H](C(=O)NC2=CN=CC3=CC=CC=C23)C2=CC(Cl)=CC=C2C1=O |o1:3|	6.65	5.69
CC(C)C[C@H]1CN(C(=O)COS(=O)(=O)N2CCOCC2)CCN1CC1=CC=CC(Cl)=C1 |&1:4|	6.9	5.05
CNC(=O)CN1C[C@]2(C[C@H](COC)N(C3=CN=CC4=CC=CC=C34)C2=O)C2=CC(Cl)=CC=C2C1=O |&1:7,9|	4.27	4.28
CN1C[C@H](C(=O)NC2=CN=CC3=CC=CC=C23)C2=CC(F)=CC=C2C1=O |o1:3|	5.02	4.52
CN1C[C@H](C(=O)NC2=CN=CC3=CC=CC=C23)C2=CC(F)=CC=C2C1=O |o1:3|	6.34	5.42
CC(C)C[C@H]1CN(C(=O)COS(=O)(=O)N2CCNCC2)CCN1CC1=CC=CC(Cl)=C1 |&1:4|	6.92	4.25
CN1C[C@H](C(=O)NC2=CN=CC3=CC=CC=C23)C2=CC=CC=C2C1=O |o1:3|	5.22	4.5
C=C(CN(C(=O)[C@H]1CN(CC(=O)NC)CC2=CC=C(Cl)C=C21)C1=CN=CC2=CC=CC=C12)C(=O)O |&1:6|	4.88	4.68
O=C(CC1=CN=CC2=CC=CC=C12)N1CCC[C@H]1C1=C(Cl)C=CC=C1Cl |&1:17|	4.38	4.73
CN1C[C@H](C(=O)NC2=CN=CC3=CC=CC=C23)C2=CC=CC=C2C1=O |o1:3|	nan	4.27
C[C@H]1CN(C2=CN=CC3=CC=CC=C23)C(=O)[C@]12CN1N=NC=C1C1=CC=C(Cl)C=C12	4.11	4.38
N#CC1=CC=C(N(CC2=CC=CC=C2)C(=O)CC2=CN=CC3=CC=CC=C23)C=C1	4.89	5.69
CN1C[C@H](C(=O)NC2=CN=CC3=CC=CC=C23)C2=CC(C(F)(F)F)=CC=C2C1=O |o1:3|	4.75	4.32
CN1C[C@H](C(=O)NC2=CN=CC3=CC=CC=C23)C2=CC(C(F)(F)F)=CC=C2C1=O |o1:3|	5.44	4.95
CN1C[C@]2(CCCN(C3=CN=CC4=CC=CC=C34)C2=O)C2=CC(Cl)=CC=C2C1=O |o1:3|	5.98	4.79
CN1C[C@]2(CCCN(C3=CN=CC4=CC=CC=C34)C2=O)C2=CC(Cl)=CC=C2C1=O |o1:3|	nan	4.12
C[C@H]1CN(C2=CN=CC3=CC=CC=C23)C(=O)[C@@]12CN1N=NC=C1C1=CC=C(Cl)C=C12	6.18	5.16
O=C(CC1=CN=CC2=CC=CC=C12)N1CC2=CC=CC=C2OCC12CC2	4.45	4.68
O=C(CC1=CN=CC2=CC=CC=C12)N1CCCC2=CC=CC=C21	4.68	4.74
CN(C(=O)CC1=CN=CC2=CC=CC=C12)[C@H](C1=CC=C(Cl)C=C1)C1CC1 |&1:15|	4.8	4.4
O=C(CC1=CN=CC2=CC=CC=C12)N1CC[C@H]2CCCC[C@H]21 |&1:16,21|	4.5	3.96
CC1=CC=C(F)C(CN(C)C(=O)CC2=CN=CC3=CC=CC=C23)=C1F	4.24	4.73
O=C(CC1=CN=CC2=CC=CC=C12)N1CCC2=CC=C(Cl)C=C2CC1	5.43	3.9
CN(CC1=CC=CC(Cl)=C1)C(=O)CC1=CN=CC2=CC=CC=C12	5.23	4.44
CN(CCC1=CC=CC=C1Cl)C(=O)CC1=CN=CC2=CC=CC=C12	4.56	3.61
O=C(CC1=CN=CC2=CC=CC=C12)N(CC1=CC=CS1)C1=CC=CC=C1	5.0	5.26
COC1=CC=C(N(CC2=CC=CC=C2)C(=O)CC2=CN=CC3=CC=CC=C23)C=C1	5.37	5.72
O=C(CC1=CN=CC2=CC=CC=C12)N1CCC[C@H]2CCC(F)(F)C[C@H]21 |&1:17,24|	4.46	4.42
O=C(CC1=CN=CC2=CC=CC=C12)N(CC1=CC=CC(F)=C1)C1CC1	5.52	4.76
CC1=NN(C)C(CN(C)C(=O)CC2=CN=CC3=CC=CC=C23)=C1	nan	4.18
C[C@H]1[C@H]2CCCC[C@H]2CN1C(=O)CC1=CN=CC2=CC=CC=C12 |&1:1,&2:2,&3:7|	5.02	4.3
O=C(CC1=CN=CC2=CC=CC=C12)NCC1=CC=CC(Cl)=C1	5.25	4.08
C[C@H]1CC[C@H]2CCCN(C(=O)CC3=CN=CC4=CC=CC=C34)[C@H]2C1 |&1:1,&2:4,&3:22|	4.92	4.27
O=C(CC1=CN=CC2=CC=CC=C12)N1CC[C@H]2CCCC[C@H]2CC1 |&1:16,&2:21|	5.88	4.75
CC1=CC=CC(CN(C(=O)CC2=CN=CC3=CC=CC=C23)C2CC2)=C1	5.04	4.33
CCCN(CCC1=CC=CS1)C(=O)CC1=CN=CC2=CC=CC=C12	4.68	4.75
O=C(CC1=CN=CC2=CC=CC=C12)N1CCCCCC2=CC=CC=C2C1	5.79	5.36
O=C(CC1=CN=CC2=CC=CC=C12)N1CCC[C@H]1C1=CC=C(Cl)C=C1 |&1:17|	4.68	4.94
O=C(CC1=CN=CC2=CC=CC=C12)N(CC1=CC=CC=C1)C1=CC=CC=C1	5.11	5.36
CC(C)N(CC1=CC=CC(Cl)=C1)C(=O)CC1=CN=CC2=CC=CC=C12	5.82	4.62
CN1C[C@H](C(=O)NC2=CN=CC3=CC=CC=C23)C2=CC(C3CC3)=CC=C2C1=O |o1:3|	5.55	5.89
CN1C[C@H](C(=O)NC2=CN=CC3=CC=CC=C23)C2=CC(C3CC3)=CC=C2C1=O |o1:3|	4.09	4.31
O=C(CC1=CN=CC2=CC=CC=C12)N(CC1=CC=C(F)C=C1)C1CCCCC1	5.05	5.05
C[C@H](C1=CC=CC=C1)N(CC1=CC=CC=C1)C(=O)CC1=CN=CC2=CC=CC=C12	5.15	5.2
O=C(CC1=CN=CC2=CC=CC=C12)N(CC1=CC=CC=C1)CC1=CC=C(F)C=C1	5.0	5.02
O=C(CC1=CN=CC2=CC=CC=C12)N(CC1=CC=CC=C1O)C1=CC=C(F)C=C1	4.78	4.89
O=C(CC1=CN=CC2=CC=CC=C12)N1CCC[C@H]1C1=C(F)C=CC(Cl)=C1F |&1:17|	5.38	3.87
CN1C[C@]2(CCN(C3=CN=CC4=CC=CC=C34)C2=O)C2=CC(Cl)=CC=C2C1=O |o1:3|	6.31	5.4
CN1C[C@]2(CCN(C3=CN=CC4=CC=CC=C34)C2=O)C2=CC(Cl)=CC=C2C1=O |o1:3|	nan	4.28
O=C(CC1=CN=CC2=CC=CC=C12)N(CC1=CC=C2NC=CC2=C1)CC1=CC=CS1	4.97	5.24
CNC(=O)CN1C[C@@]2(C(=O)N(C3=CN=CC4=CC=CC=C34)C[C@@H]2CC2=CC=CC=C2)C2=CC(F)=CC=C2C1=O	6.96	5.68
O=C(NC1=CC=CC=C1)OCC1=CC=CC=C1	nan	4.1
N=C(N)NCCC1=CC=CC(B(O)O)=C1	nan	6.61
N=C(N)NC1=CC=C(OC(=O)NC2=CC=CC=C2)C=C1	5.68	4.49
O=C(CC1=CC(F)=C(F)C(F)=C1)NC1=CN=CC2=CC=CC=C12	6.33	3.58
N=C(N)NCCC1=CC=C(OC(=O)NC2=CC=CC=C2)C=C1	4.8	4.27
O=C(CC1=CN=CC2=CC=CC=C12)N1CC(F)(F)C[C@H]2CCCC[C@H]21 |&1:19,&2:24|	4.03	4.85
CN1C[C@H](C(=O)NC2=CN=CC3=CC=CC=C23)C2=CC(C#N)=CC=C2C1=O |o1:3|	6.08	5.04
CN1C[C@H](C(=O)NC2=CN=CC3=CC=CC=C23)C2=CC(C#N)=CC=C2C1=O |o1:3|	4.92	4.15
O=C(CC1=CN=CC2=CC=CC=C12)N1CCC2=CC=CC=C2C2=CC=CC=C21	nan	3.97
N#CC1(N(C(=O)CC2=CN=CC3=CC=CC=C23)C2=CC=CC=C2)CCCCC1	4.85	4.79
CC(C)(C#N)NC(=O)[C@H](CC1=CC=CC(Cl)=C1)C1=CN=CC2=CC=CC=C12 |&1:8|	4.12	3.51
O=C1N(C2=CN=CC3=CC=CC=C23)CCC[C@]12CCOC1=CC=C(Cl)C=C12 |o1:16|	nan	4.28
O=C1N(C2=CN=CC3=CC=CC=C23)CCC[C@]12CCOC1=CC=C(Cl)C=C12 |o1:16|	6.53	5.12
CNC(=O)CN1C[C@@]2(C(=O)N(C3=CN=CC4=CC=CC=C34)C[C@@H]2C)C2=C(F)C=CC=C2C1=O	4.38	4.27
COC1=CC=C2C=NC=C(CC(=O)N(CC3=CC=CC(Cl)=C3)C3=CC=C(N(C)C)C=N3)C2=C1	6.69	5.69
CNC(=O)CN1C[C@]2(C(=O)N(C3=CN=CC4=CC=CC=C34)C3=CC=CC=C32)C2=CC(F)=CC=C2C1=O |&1:7|	6.44	5.42
COC1=CC2=CN=CC(CC(=O)N(CC3=CC=CC(Cl)=C3)C3=CC=C(N(C)C)C=N3)=C2C=C1OC	5.84	4.58
C=C(CN(C(=O)[C@H]1CN(CC(=O)NC)CC2=CC=C(Cl)C=C21)C1=CN=CC2=CC=CC=C12)C(=O)NC1=CC=CC=C1 |&1:6|	7.1	4.77
N=C(N)NCC1=CC=C(OC(=O)NC2=CC=CC=C2)C=C1	5.13	4.2
CNC(=O)C1=CC=C2C(=O)N(C)C[C@H](C(=O)NC3=CN=CC4=CC=CC=C34)C2=C1 |o1:13|	nan	4.28
CNC(=O)C1=CC=C2C(=O)N(C)C[C@H](C(=O)NC3=CN=CC4=CC=CC=C34)C2=C1 |o1:13|	4.4	4.29
C=C(CN(C(=O)[C@H]1CN(CC(=O)NC)CC2=CC=C(Cl)C=C21)C1=CN=CC2=CC=CC=C12)C(=O)NC |&1:6|	6.72	5.01
C#CC1=CC=C2C(=O)N(C)C[C@H](C(=O)NC3=CN=CC4=CC=CC=C34)C2=C1 |o1:11|	4.19	4.33
C#CC1=CC=C2C(=O)N(C)C[C@H](C(=O)NC3=CN=CC4=CC=CC=C34)C2=C1 |o1:11|	5.13	4.52
O=C(CC1=CN=CC2=CC=CC=C12)N(CC1=CC=CC(Cl)=C1)C1=CC=CC=N1	5.88	5.55
C=C(CN(C(=O)[C@H]1CN(CC(=O)NC)CC2=CC=C(Cl)C=C21)C1=CN=CC2=CC=CC=C12)C(=O)N1CCOCC1 |&1:6|	5.25	5.59
C[C@H](C1=CC=CC=C1)N(C(=O)CC1=CN=CC2=CC=CC=C12)C1CCN(C)CC1	4.7	4.28
CNC(=O)C1=CC(Br)=CC([N+](=O)[O-])=C1N[C@@H]1CCCC[C@@H]1NC(=O)C1=CN=CC2=CC=CC=C12	8.22	6.2
CN1C[C@H](C(=O)NC2=CN=CC3=CC=CC=C23)C2=CC(CO)=CC=C2C1=O |o1:3|	4.34	3.83
CN1C[C@H](C(=O)NC2=CN=CC3=CC=CC=C23)C2=CC(CO)=CC=C2C1=O |o1:3|	nan	4.23
C[C@H](N(CC1=CC=CC=C1)C(=O)CC1=CN=CC2=CC=CC=C12)C(F)(F)F |&1:1|	4.33	4.48
CCN1C=CC(CN(C(=O)CC2=CN=CC3=CC=CC=C23)C2=CC=C(C(C)C)C=C2)=N1	5.38	4.43
O=C(CC1=CN=CC2=CC=CC=C12)N1C[C@H](C2CCCCC2)C[C@H]1C(F)(F)F	nan	4.26
C[C@H]1C[C@H](C2=CC=CC=C2)N(C(=O)CC2=CN=CC3=CC=CC=C23)C1 |&1:1,&2:3|	4.82	5.38
O=C(NCC1=CC=CS1)[C@@H]1CN(C(=O)C2=CC=CN=C2)CCN1C1=CC=C(Cl)C(Cl)=C1	6.91	4.24
CC1=CC=CC(CN(CC2=CC=CC=N2)C(=O)CC2=CN=CC3=CC=CC=C23)=C1	4.48	4.62
O=C(CC1=CN=CC2=CC=CC=C12)N1CC[C@H](C2=CC=C(O)C=C2)C1 |&1:16|	4.55	4.25
O=C(CC1=CN=CC2=CC=CC=C12)N1CC2=CC=CC=C2C[C@H]1C1=CC=CC=C1 |&1:22|	5.49	4.79
O=C(CC1=CN=CC2=CC=CC=C12)N(CCC(F)(F)F)CC1=CC=CC=C1	4.78	5.02
CC(C)CCN(CC1=CC=CC=C1)C(=O)CC1=CN=CC2=CC=CC=C12	5.13	5.24
O=C(CC1=CN=CC2=CC=CC=C12)N(CC1=CC=C(F)C=C1)CC1CC1	4.99	4.65
O=C(CC1=CN=CC2=CC=CC=C12)N1CCC[C@H](C2=CC=NC=C2)CC1 |&1:17|	nan	4.25
C=C(CN(C(=O)[C@H]1CN(CC(=O)NC)CC2=CC=C(Cl)C=C21)C1=CN=CC2=CC=CC=C12)C(=O)N1CCCCC1 |&1:6|	4.99	4.34
O=C(CC1=CN=CC2=CC=CC=C12)NC1=CC=CC=C1	4.0	4.29
N#CC1=CC=CC(NC(=O)CC2=CN=CC3=CC=CC=C23)=C1	4.5	4.25
O=C(CC1=CN=CC2=CC=CC=C12)N1CCCN2C=CC=C2C1	4.51	4.67
O=C(CC1=CN=CC2=CC=CC=C12)N(CC1=CC=CC=C1)C1CCC1	5.13	4.81
C[C@H](C(=O)N1CCC[C@H]2CCC(F)(F)C[C@@H]21)C1=CN=CC2=CC=CC=C12 |&1:1,&2:8,15|	nan	4.0
O=C(CC1=CN=CC2=CC=CC=C12)N1CCCCCC[C@H]1C1=CC=CC=C1 |&1:20|	5.27	5.59
CN(C)C(=O)CN(CC1=CC=CC=C1)C(=O)CC1=CN=CC2=CC=CC=C12	4.55	4.92
O=C(CC1=CN=CC2=CC=CC=C12)N(CCC(F)(F)F)C1CCCCC1	4.18	4.33
O=C(CC1=CN=CC2=CC=CC=C12)N(CC1=CC(F)=CC=C1F)C1CCCC1	5.95	5.14
CN(C)CCN(CC1=CC=CC(Cl)=C1)C(=O)CC1=CN=CC2=CC=CC=C12	4.67	4.21
O=C(CC1=CN=CC2=CC=CC=C12)N(CC1=CC=CC=C1)[C@H]1CCCC12CCC2 |&1:21|	4.95	4.72
C[C@H](O)CN1C[C@H](C(=O)NC2=CN=CC3=CC=CC=C23)C2=CC(Cl)=CC=C2C1=O |o1:6|	5.31	4.21
C[C@H](O)CN1C[C@H](C(=O)NC2=CN=CC3=CC=CC=C23)C2=CC(Cl)=CC=C2C1=O |o1:6|	6.86	5.5
CN(C)C1=CC=C(N(CC2=CC=CC(Cl)=C2)C(=O)CC2=CN=CC3=CC=CC=C23)N=C1	6.5	5.36
CNC(=O)CN1C[C@]2(C(=O)N(C3=CN=CC4=CC=CC=C34)C3=CC=CC=C32)C2=CC(F)=CC=C2C1=O |o1:7|	4.55	4.46
CNC(=O)CN1C[C@]2(C(=O)N(C3=CN=CC4=CC=CC=C34)C3=CC=CC=C32)C2=CC(F)=CC=C2C1=O |o1:7|	6.87	5.67
O=C(NCC1=CC=CS1)[C@@H]1CN(C(=O)C2=CN=CC3=CC=CC=C23)CCN1C1=CC=C(Cl)C(Cl)=C1	7.89	5.44
CNC(=O)CN1C[C@@]2(C[C@H](CO)N(C3=CN=CC4=CC=CC=C34)C2=O)C2=CC(Cl)=CC=C2C1=O |&1:7,9|	6.31	4.73
C[C@@H](O)CN1C[C@H](C(=O)NC2=CN=CC3=CC=CC=C23)C2=CC(Cl)=CC=C2C1=O |o1:6|	4.78	4.74
CNC(=O)[C@@H](C)N1C[C@H](C(=O)NC2=CN=CC3=CC=CC=C23)C2=CC(Cl)=CC=C2C1=O |o1:8|	7.43	5.96
CNC(=O)[C@@H](C)N1C[C@H](C(=O)NC2=CN=CC3=CC=CC=C23)C2=CC(Cl)=CC=C2C1=O |o1:8|	5.98	4.52
C[C@@H](O)CN1C[C@H](C(=O)NC2=CN=CC3=CC=CC=C23)C2=CC(Cl)=CC=C2C1=O |o1:6|	6.84	5.52
CNC(=O)[C@H](C)N1C[C@H](C(=O)NC2=CN=CC3=CC=CC=C23)C2=CC(Cl)=CC=C2C1=O |o1:8|	6.69	5.11
CNC(=O)[C@H](C)N1C[C@H](C(=O)NC2=CN=CC3=CC=CC=C23)C2=CC(Cl)=CC=C2C1=O |o1:8|	7.11	5.68
CNCCN1C[C@H](C(=O)NC2=CN=CC3=CC=CC=C23)C2=CC(Cl)=CC=C2C1=O |&1:6|	6.96	5.48
C[C@@H](C(=O)N(C)CC1=CC=CC(Cl)=C1F)C1=CN=CC2=CC=CC=C12	nan	3.88
CO[C@H](C)CN1C[C@H](C(=O)NC2=CN=CC3=CC=CC=C23)C2=CC(Cl)=CC=C2C1=O |o1:7|	6.74	5.73
CO[C@@H](C)CN1C[C@H](C(=O)NC2=CN=CC3=CC=CC=C23)C2=CC(Cl)=CC=C2C1=O |o1:7|	4.33	nan
CO[C@H](C)CN1C[C@H](C(=O)NC2=CN=CC3=CC=CC=C23)C2=CC(Cl)=CC=C2C1=O |o1:7|	6.44	5.4
CC(C)C[C@H]1CN(C(=O)COS(=O)(=O)N2CCOCC2)CCN1CC1=CC=CC(F)=C1 |&1:4|	5.95	4.44
O=C(COS(=O)(=O)N1CCOCC1)N1CCN(CC2=CC=CC(Cl)=C2)[C@H]2CCCC[C@H]21 |&1:25,&2:30|	5.88	4.79
CNC(=O)CN1C[C@]2(C(=O)N(C3=CN=CC4=CC=CC=C34)C/C2=C\F)C2=CC(Cl)=CC=C2C1=O |&1:7|	6.75	5.06
CC(=O)N1CCN(S(=O)(=O)OCC(=O)N2CCN(CC3=CC=CC(Cl)=C3)[C@H](CC(C)C)C2)CC1 |&1:26|	7.14	4.77
C=C1CN(C2=CN=CC3=CC=CC=C23)C(=O)[C@]12CN(CC1=CC=C(OC)C=C1OC)C(=O)C1=CC=C(F)C=C12 |&1:16|	7.0	5.28
CC(C)C[C@H]1CN(C(=O)COS(=O)(=O)N2CCOCC2)CCN1CC1=CC(Cl)=CC2=CC=CC=C12 |&1:4|	6.79	5.09
O=C(CN1CC2=CC=C(Cl)C=C2[C@H](C(=O)NC2=CN=CC3=CC=CC=C23)C1)NCCCCCOC1=CC=CC2=C1C(=O)N([C@H]1CCC(=O)NC1=O)C2=O |&1:12,&2:43|	7.23	5.89
O=C(CN1CC2=CC=C(Cl)C=C2[C@H](C(=O)NC2=CN=CC3=CC=CC=C23)C1)NCCCCCCCOC1=CC=CC2=C1C(=O)N([C@H]1CCC(=O)NC1=O)C2=O |&1:12,&2:45|	6.81	5.03
O=C(CN1CC2=CC=C(Cl)C=C2[C@H](C(=O)NC2=CN=CC3=CC=CC=C23)C1)NCCOCCOCCOCCOC1=CC=CC2=C1C(=O)N([C@H]1CCC(=O)NC1=O)C2=O |&1:12,&2:49|	6.47	5.42
CN[C@@H](C)CN1C[C@H](C(=O)NC2=CN=CC3=CC=CC=C23)C2=CC(Cl)=CC=C2C1=O |&1:7|	6.79	5.42
O=C(CN1CC2=CC=C(Cl)C=C2[C@H](C(=O)NC2=CN=CC3=CC=CC=C23)C1)NCCOCCOCCOC1=CC=CC2=C1C(=O)N([C@H]1CCC(=O)NC1=O)C2=O |&1:12,&2:46|	5.9	4.94
O=C1CC[C@H](N2C(=O)C3=CC=C(N4CCN(C5=CC=C(NC(=O)CN6CC7=CC=C(Cl)C=C7[C@H](C(=O)NC7=CN=CC8=CC=CC=C78)C6)C=C5)CC4)C=C3C2=O)C(=O)N1 |&1:4,&2:33|	7.09	4.89
O=C(CN1CC2=CC=C(Cl)C=C2[C@H](C(=O)NC2=CN=CC3=CC=CC=C23)C1)NCCOCCOCCOCCOCCOC1=CC=CC2=C1C(=O)N([C@H]1CCC(=O)NC1=O)C2=O |&1:12,&2:52|	6.35	5.41
O=C(CN1CC2=CC=C(Cl)C=C2[C@H](C(=O)NC2=CN=CC3=CC=CC=C23)C1)NCCOCCOCCOCCNC1=CC=CC2=C1C(=O)N([C@H]1CCC(=O)NC1=O)C2=O |&1:12,&2:49|	6.14	5.05
O=C(COS(=O)(=O)N1CCOCC1)N1CCN(CC2=CC=CC(Cl)=C2)[C@H]2CS(=O)(=O)C[C@H]21 |&1:25,31|	6.62	4.67
CN1C(=O)C2=CC=C(Cl)C=C2[C@]12CCN(C1=CN=CC3=CC=CC=C13)C2=O |&1:11|	4.73	3.43
O=C1N[C@]2(CCOC3=CC=C(C(F)F)C=C32)C(=O)N1C1=CN=CC2=CC=CC=C12 |&1:3|	5.44	4.76
C=CC(=O)NC1=CC=CC(N(CC2=CC=CC(C3=COC=C3)=C2)C(=O)CC2=CN=CC3=CC=CC=C23)=C1	4.81	5.58
C=CC(=O)NC1=CC=CC(N(CC2=CC=CC(C3=CC=CC=C3)=C2)C(=O)CC2=CN=CC3=CC=CC=C23)=C1	nan	4.96
O=C(CC1=CN=CC2=CC=CC=C12)N(CC1=CC=CC(Cl)=C1)C12CC(C1)N(CC1COC1)C2	5.4	4.17
C=CC(=O)N1CCC2=C1C=CC=C2N(CC1=CC=CC(Cl)=C1)C(=O)CC1=CN=CC2=CC=CC=C12	5.08	5.42
C=CC(=O)N(C)C1=CC=CC(N(CC2=CC=CC(Cl)=C2)C(=O)CC2=CN=CC3=CC=CC=C23)=C1	5.76	6.23
C=CC(=O)NC1=CC=CC(N(CC2=CC=C(Cl)C=C2Cl)C(=O)CC2=CN=CC3=CC=CC=C23)=C1	4.22	4.99
C=CC(=O)NC1=CC=CC(N(CC2=CC(Cl)=CC=C2Cl)C(=O)CC2=CN=CC3=CC=CC=C23)=C1	4.79	5.05
C=CC(=O)NC1=CC=C(F)C(N(CC2=CC=CC(Cl)=C2)C(=O)CC2=CN=CC3=CC=CC=C23)=C1	5.28	5.68
CN1C(=O)[C@]2(CCN(C3=CN=CC4=CC=CC=C34)C2=O)C2=CC(Cl)=CC=C21 |o1:4|	4.04	4.34
CN1C(=O)[C@]2(CCN(C3=CN=CC4=CC=CC=C34)C2=O)C2=CC(Cl)=CC=C21 |o1:4|	6.38	5.24
O=C(CC1=CN=CC2=CC=CC=C12)N(CC1=CC=CC(Cl)=C1)C12CC(C1)N(C1CC1)C2	5.31	4.27
O=C(CC1=CN=CC2=CC=CC=C12)N(CC1=CC=CC(Cl)=C1)[C@]12CC[C@H](C1)N(CC1COC1)C2 |&1:22,&2:25|	4.7	4.03
CNC(=O)C1(N2C[C@@]3(C(=O)N(C4=CN=CC5=CC=CC=C45)C[C@@H]3C)C3=CC(Cl)=CC=C3C2=O)CC1	8.04	6.44
CC(=O)C1=CC=CC(CN2CCN(C(=O)COS(=O)(=O)N3CCOCC3)C[C@H]2CC(C)C)=C1 |&1:27|	6.13	4.45
C=CC(=O)NC1=CC=CC(N(CC2=CC=CC3=C2OC=C3)C(=O)CC2=CN=CC3=CC=CC=C23)=C1	4.77	5.28
C[C@H]1CN(C2=CN=CC3=CC=CC=C23)C(=O)[C@@]12CN(CC(=O)NC(C)(C)C)C(=O)C1=CC=C(Cl)C=C12	6.19	5.12
O=C(CC1=CN=CC2=CC=CC=C12)N1CC2=CC=CC(F)=C2OC2=CC=CC=C21	5.26	4.61
CNC(=O)CN1C[C@@]2(C(=O)N(C3=CN=CC4=CC=CC=C34)C[C@@H]2CC#N)C2=CC(F)=CC=C2C1=O	6.77	5.58
CC(C)NC(=O)CN1C[C@@]2(C(=O)N(C3=CN=CC4=CC=CC=C34)C[C@@H]2C)C2=CC(Cl)=CC=C2C1=O	6.53	5.44
C[C@H]1CN(C2=CN=CC3=CC=CC=C23)C(=O)[C@@]12CN(CC(=O)NCC1CC1)C(=O)C1=CC=C(Cl)C=C12	7.23	6.16
CC1=C(NC(=O)[C@H](CB2OC(C)(C)C(C)(C)O2)NC(=O)OC(C)(C)C)C=CC(Br)=C1Cl |&1:6|	nan	6.94
C[C@H]1CN(C2=CN=CC3=CC=CC=C23)C(=O)[C@@]12CN1CC(=O)NN=C1C1=CC=C(Cl)C=C12	6.35	5.64
N#CC1=CC=C2C(=C1)OC1=C(Cl)C=CC=C1CN2C(=O)CC1=CN=CC2=CC=CC=C12	nan	5.12
O=C(CC1=CN=CC2=CC=CC=C12)N1CCCC[C@H]1CC1=CC=CC=C1 |&1:18|	4.51	4.61
O=C(CC1=CN=CC2=CC=CC=C12)N1CC[C@H](COC2=CC=CC=C2)C1 |&1:16|	4.1	4.28
O=C(CC1=CN=CC2=CC=CC=C12)N1CCC(C2CCC2)CC1	5.67	4.0
O=C(CC1=CN=CC2=CC=CC=C12)N1CCCC2(CCC2)C1	4.56	3.56
O=C(CC1=CN=CC2=CC=CC=C12)N1CC(C2CCCCC2)C1	4.74	4.59
O=C(CC1=CN=CC2=CC=CC=C12)N1CCCC2(CCC2)CC1	5.79	5.13
CNC(=O)CN1C[C@@]2(C(=O)N(C3=CN=CC4=CC=CC=C34)C[C@@H]2COCCF)C2=CC(F)=CC=C2C1=O	6.96	5.59
O=C(CC1=CN=CC2=CC=CC=C12)N1CCCC2=C(C=CS2)C1	5.84	4.58
CC[C@H]1C2=C(CCN1C(=O)CC1=CN=CC3=CC=CC=C13)SC=C2 |&1:2|	6.28	5.38
O=C(CC1=CN=CC2=CC=CC=C12)N1CCC(C2=CC=CC=C2)CC1	4.49	4.31
C[C@H]1CN(C2=CN=CC3=CC=CC=C23)C(=O)[C@@]12CN(CC(=O)NC(C)(C)C)C(=O)C1=CC=C(F)C=C12	6.53	5.11
COC1=CC=CC([C@H]2CCN(C(=O)CC3=CN=CC4=CC=CC=C34)C2)=C1 |&1:7|	4.43	4.31
O=C(CC1=CN=CC2=CC=CC=C12)N1CCC[C@H](CC2CC2)C1 |&1:17|	4.82	4.03
O=C(CC1=CN=CC2=CC=CC=C12)N1CCC[C@H]1CC1CCC1 |&1:17|	5.15	4.56
CC(C)(C#N)C1=CC=C(N(CC2=CC=CC(Cl)=C2)C(=O)CC2=CN=CC3=CC=CC=C23)C=C1	6.2	5.21
N#CCC1=CC=C(N(CC2=CC=CC(Cl)=C2)C(=O)CC2=CN=CC3=CC=CC=C23)C=C1	6.03	5.99
COC1=CC=C(N(CC2=CC=CC(Cl)=C2)C(=O)CC2=CN=CC3=CC=CC=C23)C=C1	5.92	5.65
O=C(CC1=CN=CC2=CC=CC=C12)N1CC[C@H](N2C=NC=N2)C1 |&1:16|	nan	4.27
CC1=NN(C2CCN(C(=O)CC3=CN=CC4=CC=CC=C34)CC2)C=C1	nan	4.28
O=C(CC1=CN=CC2=CC=CC=C12)N1CCC2(CC1)CCC(F)(F)C2	5.43	3.88
O=C(CC1=CN=CC2=CC=CC=C12)N1CCC(C2=CC=CC(F)=C2)CC1	4.71	4.31
O=C(CC1=CN=CC2=CC=CC=C12)N1CC[C@H](C2=CC=C(Cl)C=C2)C1 |&1:16|	4.25	4.3
CC1=CC=C(C[C@H]2CCCN(C(=O)CC3=CN=CC4=CC=CC=C34)C2)C=C1 |&1:6|	4.55	3.7
O=C(CC1=CN=CC2=CC=CC=C12)N1CC[C@H](CC2=CC=C(C(F)F)C=C2)C1 |&1:16|	4.18	4.33
O=C(CC1=CN=CC2=CC=CC=C12)N1CC2=CC=CC=C2[C@H](C2=CC=CS2)C1 |&1:21|	4.56	3.7
O=C(CC1=CN=CC2=CC=CC=C12)N1CCCCC2=CC=CC=C2C1	5.24	4.45
O=C(CC1=CN=CC2=CC=CC=C12)N1CCC([C@H](F)C2=CC=CC=C2F)CC1 |&1:17|	4.5	4.28
O=C(CC1=CN=CC2=CC=CC=C12)N1CC[C@H](C2CCCCC2)C1 |&1:16|	5.26	3.7
O=C(CC1=CN=CC2=CC=CC=C12)N1CCC[C@H](C2=CC=CC=C2)C1 |&1:17|	4.74	4.92
O=C(CC1=CN=CC2=CC=CC=C12)N1CCC[C@H](C2=NC=CO2)C1 |&1:17|	4.12	4.3
O=C(CC1=CN=CC2=CC=CC=C12)N1CCC(C2CCCC2)CC1	5.35	4.89
O=C1CCCN1C[C@@H]1CCCN1C(=O)CC1=CN=CC2=CC=CC=C12	nan	4.32
O=C(CC1=CN=CC2=CC=CC=C12)N1CCC[C@H]1C1=CC=CC=C1 |&1:17|	4.99	4.24
CN(C)C1=CC=CC([C@H]2CCCN2C(=O)CC2=CN=CC3=CC=CC=C23)=C1 |&1:8|	4.34	4.21
O=C(CC1=CN=CC2=CC=CC=C12)N1CCC[C@H]1C1=CC(F)=CC(F)=C1 |&1:17|	5.73	3.6
CC(C)NC(=O)CN1C[C@@]2(C(=O)N(C3=CN=CC4=CC=CC=C34)C[C@@H]2C)C2=CC(F)=CC=C2C1=O	6.65	5.28
O=C(CC1=CN=CC2=CC=CC=C12)N1CCSC[C@H]1C1=CC=CS1 |&1:18|	5.27	4.63
O=C([C@H]1CCCN1C(=O)CC1=CN=CC2=CC=CC=C12)N1CCSCC1 |&1:2|	nan	4.35
O=C(CC1=CN=CC2=CC=CC=C12)N1CCS[C@H](C2=CC=CC=C2)C1 |&1:17|	4.81	4.88
O=C(CC1=CN=CC2=CC=CC=C12)N1CCCSC[C@H]1C(F)(F)F |&1:19|	4.36	4.04
C=CC(=O)NC1=CC=CC(N(CC2=CC=CC3=C2SC=C3)C(=O)CC2=CN=CC3=CC=CC=C23)=C1	4.55	5.29
C[C@H](CO)C[C@H]1CN(C(=O)CO)CCN1CC1=CC=CC(Cl)=C1 |&1:1,&2:5|	nan	8.62
O=C(CC1=CN=CC2=CC=CC=C12)N1CCC[C@H]1CC1CC1 |&1:17|	4.88	4.6
C[C@]1(C2=CC=CN=C2)CCCN(C(=O)CC2=CN=CC3=CC=CC=C23)C1 |&1:1|	nan	4.26
O=C(CC1=CN=CC2=CC=CC=C12)N1CCCC[C@H]1C1=CN=CS1 |&1:18|	4.49	4.24
O=C(CC1=CN=CC2=CC=CC=C12)N1CCCC2(CCCC2)C1	4.98	4.0
CC1=CC=C([C@H]2CCCN2C(=O)CC2=CN=CC3=CC=CC=C23)C=C1 |&1:5|	4.32	4.66
CN1C=CC([C@H]2CCN(C(=O)CC3=CN=CC4=CC=CC=C34)C2)=N1 |&1:5|	nan	4.26
O=C(CC1=CN=CC2=CC=CC=C12)N1CC[C@H](C[C@H]2CCCO2)C1 |&1:16,&2:18|	nan	4.25
O=C(CC1=CN=CC2=CC=CC=C12)N1CC[C@H](CC2CCC2)C1 |&1:16|	5.03	4.05
O=C(CC1=CN=CC2=CC=CC=C12)N1CCO[C@H](C2=CSC=C2)C1 |&1:17|	4.56	4.32
O=C(CC1=CN=CC2=CC=CC=C12)N1CC(CCC2=CC=CC=C2)C1	4.54	4.29
CN1C=C([C@H]2CCN(C(=O)CC3=CN=CC4=CC=CC=C34)C2)C=N1 |&1:4|	nan	4.24
O=C(CC1=CN=CC2=CC=CC=C12)N1CCC[C@H](N2C=CC=N2)C1 |&1:17|	4.2	4.35
O=C(CC1=CN=CC2=CC=CC=C12)N1CCC[C@H](CC2=NC=CC=N2)C1 |&1:17|	nan	9.0
O=C(CC1=CN=CC2=CC=CC=C12)N1CCCN2C3=CC=CC=C3C[C@H]2C1 |&1:25|	4.84	4.44
O=C(CC1=CN=CC2=CC=CC=C12)N1CC[C@H](N2C=CC=N2)C1 |&1:16|	nan	4.3
CN1N=CC=C1[C@H]1CCN(C(=O)CC2=CN=CC3=CC=CC=C23)C1 |&1:6|	4.26	4.44
O=C(CC1=CN=CC2=CC=CC=C12)N1CCCC[C@H]1C1=CC=CC=C1 |&1:18|	5.11	5.18
O=C(CC1=CN=CC2=CC=CC=C12)N1CCC[C@H](C2CCC2)C1 |&1:17|	5.17	4.05
O=C(CC1=CN=CC2=CC=CC=C12)N1CCC[C@H]1C1CCCC1 |&1:17|	5.59	4.53
O=C(CC1=CN=CC2=CC=CC=C12)N1CCC[C@H](CC(F)(F)F)C1 |&1:17|	4.99	4.07
O=C(CC1=CN=CC2=CC=CC=C12)N1C[C@H](CF)C2(CCCC2)C1 |&1:15|	5.43	4.39
O=C(CC1=CN=CC2=CC=CC=C12)N1CCC(CC2=CC(F)=CC=C2F)CC1	4.27	4.29
O=C(CC1=CN=CC2=CC=CC=C12)N1CCC[C@H]1CC1=CC=CC=N1 |&1:17|	4.11	4.03
O=C(CC1=CN=CC2=CC=CC=C12)N1C[C@H](F)[C@H](C2=CC=CC=C2)C1 |&1:15,17|	4.76	4.05
O=C(CC1=CN=CC2=CC=CC=C12)N1CCC[C@@H]1CCC1=CC=CC=N1	nan	4.29
O=C(CC1=CN=CC2=CC=CC=C12)N1CC[C@H](CC2=CC=C(O)C=C2)C1 |&1:16|	4.06	4.31
O=C(CC1=CN=CC2=CC=CC=C12)N1CCC[C@](F)(C2=CC=CC=C2)C1 |&1:17|	4.55	4.85
O=C(CC1=CN=CC2=CC=CC=C12)N1CCC(F)(C2=CC=CC=C2)CC1	4.63	3.84
O=C(CC1=CN=CC2=CC=CC=C12)N1CC[C@H](C2=NC=CO2)C1 |&1:16|	4.02	4.25
O=C(CC1=CN=CC2=CC=CC=C12)N1CC[C@H](CC2=CC=CC(Cl)=C2)C1 |&1:16|	4.98	4.04
O=C(CC1=CN=CC2=CC=CC=C12)N1CCC[C@H](CCC(F)(F)F)C1 |&1:17|	4.76	4.64
CC1=NC=CC([C@H]2CCCN(C(=O)CC3=CN=CC4=CC=CC=C34)C2)=N1 |&1:6|	nan	4.27
O=C(CC1=CN=CC2=CC=CC=C12)N1CC(CC2CCC2)C1	4.94	4.74
O=C(CC1=CN=CC2=CC=CC=C12)N1CC[C@H](C2=CC=CC(Cl)=C2)C1 |&1:16|	5.04	3.97
CC1=CC=NC([C@H]2CCN(C(=O)CC3=CN=CC4=CC=CC=C34)C2)=C1 |&1:6|	4.06	4.28
O=C(CC1=CN=CC2=CC=CC=C12)N1CCC2(CCCCC2)CC1	5.99	4.59
O=C(CC1=CN=CC2=CC=CC=C12)N1CCC(C2=CN=CO2)CC1	4.4	4.29
CC1=NNC([C@H]2CCN(C(=O)CC3=CN=CC4=CC=CC=C34)C2)=C1 |&1:5|	nan	9.0
O=C(CC1=CN=CC2=CC=CC=C12)N1CCC[C@H](C2=CN=CO2)C1 |&1:17|	4.06	4.29
N#CC1=CC=C2C(=C1)OC1=C(F)C=CC=C1CN2C(=O)CC1=CN=CC2=CC=CC=C12	4.81	4.99
O=C(CC1=CN=CC2=CC=CC=C12)N1CCC(CC2CCC2)CC1	4.97	4.39
O=C(CC1=CN=CC2=CC=CC=C12)N1CCC(C2=CC=CS2)CC1	4.86	4.49
O=C1NC2=CC=C(Cl)C=C2[C@]12CCN(C1=CN=CC3=CC=CC=C13)C2=O |o1:10|	6.44	5.59
O=C1NC2=CC=C(Cl)C=C2[C@]12CCN(C1=CN=CC3=CC=CC=C13)C2=O |o1:10|	4.05	4.3
O=C(CC1=CN=CC2=CC=CC=C12)N1CC[C@H](OCC2=CC=CC=C2)C1 |&1:16|	nan	4.27
C[C@H](CO)C[C@H]1CN(C(=O)CCl)CCN1CC1=CC=CC(Cl)=C1 |&1:1,&2:5|	6.32	4.23
C[C@H]1CN(C2=CN=CC3=CC=CC=C23)C(=O)[C@@]12CN(CC(=O)NC1CCC1)C(=O)C1=CC=C(F)C=C12	6.76	5.6
C[C@H]1CN(C2=CN=CC3=CC=CC=C23)C(=O)[C@@]12CN(CC(=O)NC1COC1)C(=O)C1=CC=C(Cl)C=C12	6.77	5.7
CC1=CC(O[C@H]2CCN(C(=O)CC3=CN=CC4=CC=CC=C34)C2)=CC=N1 |&1:5|	nan	4.25
CN1CCC[C@]12CCCN(C(=O)CC1=CN=CC3=CC=CC=C13)C2 |&1:5|	nan	6.69
C[C@H]1CCN(C(=O)CC2=CN=CC3=CC=CC=C23)C[C@H]1N1C=CN=C1 |&1:1,&2:19|	nan	4.32
O=C(CC1=CN=CC2=CC=CC=C12)N1CCSC[C@H]1C1CCC1 |&1:18|	4.61	3.97
O=C(CC1=CN=CC2=CC=CC=C12)N1C[C@H](F)C[C@H]1C1=CC=CC=C1 |&1:15,&2:18|	4.77	4.09
O=C(CC1=CN=CC2=CC=CC=C12)N1CC[C@H](N2C=CN=C2)C1 |&1:16|	nan	4.25
C[C@H]1CN(C2=CN=CC3=CC=CC=C23)C(=O)[C@@]12CN(CC(=O)NCC1(F)CC1)C(=O)C1=CC=C(Cl)C=C12	7.03	5.76
CC1=CC=C(O[C@H]2CCN(C(=O)CC3=CN=CC4=CC=CC=C34)C2)C=N1 |&1:6|	nan	4.27
O=C([C@H]1CCCN1C(=O)CC1=CN=CC2=CC=CC=C12)N1CCCCCC1 |&1:2|	nan	4.34
O=C(CC1=CN=CC2=CC=CC=C12)N1CCC[C@H](CN2C=CN=N2)C1 |&1:17|	nan	4.25
O=C(CC1=CN=CC2=CC=CC=C12)N1CC(CC2=CC=NC=C2)C1	nan	9.0
O=C(CC1=CN=CC2=CC=CC=C12)N1CC[C@H](CC2=CC=NC=C2)C1 |&1:16|	nan	4.26
CC[C@H](C1=CC=CC=C1)[C@H]1CCCN1C(=O)CC1=CN=CC2=CC=CC=C12 |&1:2,&2:9|	4.92	4.52
CC1=CSC([C@H]2CCCN2C(=O)CC2=CN=CC3=CC=CC=C23)=N1 |&1:5|	4.32	4.97
O=C(CC1=CN=CC2=CC=CC=C12)N1CCC[C@H](N2C=NC=N2)C1 |&1:17|	nan	4.28
O=C(CC1=CN=CC2=CC=CC=C12)N1CC[C@H](C2=CC=CN=C2)C1 |&1:16|	4.1	4.27
O=C(CC1=CN=CC2=CC=CC=C12)N1CCC[C@H]1CC1=CC=CN=C1 |&1:17|	nan	4.55
CC1=CSC([C@H]2CCCN(C(=O)CC3=CN=CC4=CC=CC=C34)C2)=N1 |&1:5|	4.19	4.25
CC1=CSC(N2CCCN(C(=O)CC3=CN=CC4=CC=CC=C34)CC2)=N1	nan	4.28
O=C(CC1=CN=CC2=CC=CC=C12)N1CCC[C@H](C(=O)N2CCCCC2)C1 |&1:17|	nan	4.28
O=C(CC1=CN=CC2=CC=CC=C12)N1CCC[C@H]1CN1C=NC=N1 |&1:17|	nan	4.36
O=C(CC1=CN=CC2=CC=CC=C12)N1CCC[C@H]1C1=CC=CC=N1 |&1:17|	4.24	4.82
O=C(CC1=CN=CC2=CC=CC=C12)N1CCC[C@H]1C1=CN=C2C=CC=CC2=C1 |&1:17|	4.01	4.06
O=C(CC1=CN=CC2=CC=CC=C12)N1C[C@H](C2=CC=CC=C2)O[C@H](C2=CC=C(F)C=C2)C1 |&1:15,&2:23|	4.17	3.79
O=C(CC1=CN=CC2=CC=CC=C12)N1CC[C@H](C2=NC=CS2)C1 |&1:16|	4.29	4.3
O=C(CC1=CN=CC2=CC=CC=C12)N1CCC[C@H](C2=NC=CS2)C1 |&1:17|	4.33	4.33
O=C(CC1=CN=CC2=CC=CC=C12)N1CCC[C@H]1CN1C=CC=N1 |&1:17|	nan	4.37
O=C(CC1=CN=CC2=CC=CC=C12)N1CCOC[C@H]1C1=CC=CS1 |&1:18|	4.53	4.87
N#CC1=CC=C(N(CC2=CC=CC(Cl)=C2)C(=O)CC2=CN=CC3=CC=CC=C23)C=C1	5.37	5.79
O=C(CC1=CN=CC2=CC=CC=C12)N1CCC[C@H]1C1=CC=CC(F)=C1 |&1:17|	5.77	4.22
O=C(CC1=CN=CC2=CC=CC=C12)N1CCCSC[C@H]1C1CC1 |&1:19|	4.22	4.01
O=C(CC1=CN=CC2=CC=CC=C12)N1CCSC[C@H]1C1=CC=CC=C1 |&1:18|	4.94	4.63
O=C(CC1=CN=CC2=CC=CC=C12)N1CCC[C@H](C2CCC2)CC1 |&1:17|	5.48	4.07
O=C(CC1=CN=CC2=CC=CC=C12)N1CCCC[C@H](C2=CC=CC=C2)C1 |&1:18|	4.78	4.23
O=C(CC1=CN=CC2=CC=CC=C12)N1CC[C@H](OC2=CC=CC=C2)C1 |&1:16|	4.26	7.29
O=C(CC1=CN=CC2=CC=CC=C12)N1CCC[C@H]1CC1CCCCC1 |&1:17|	5.05	5.29
O=C(CC1=CN=CC2=CC=CC=C12)N1CCC[C@H]1CC1=CC=CS1 |&1:17|	4.86	4.75
O=C(CC1=CN=CC2=CC=CC=C12)N1CC[C@H](SC2=CC=CC(Cl)=C2)C1 |&1:16|	4.53	3.69
O=C(CC1=CN=CC2=CC=CC=C12)N1CC[C@H](C2=CC=CC=C2)C1 |&1:16|	4.69	3.32
O=C(CC1=CN=CC2=CC=CC=C12)N1CC[C@](F)(C2=CC=CC(C(F)(F)F)=C2)C1 |&1:16|	4.38	4.36
O=C(CC1=CN=CC2=CC=CC=C12)N1CCC[C@H]1CN1CCC(F)(F)CC1	4.47	4.12
O=C(CC1=CN=CC2=CC=CC=C12)N1CCC[C@H]1CC1=CC=C(F)C=C1F |&1:17|	4.65	4.23
O=C(CC1=CN=CC2=CC=CC=C12)N1CC(F)(F)C[C@H]1C1=CC=CC=C1 |&1:19|	4.55	5.11
O=C(CC1=CN=CC2=CC=CC=C12)N1CC[C@](F)(C2=CC=CC(Cl)=C2)C1 |&1:16|	4.78	4.88
O=C(CC1=CN=CC2=CC=CC=C12)N1CC[C@H]1CC1=CC=CC=C1 |&1:16|	4.74	4.5
O=C(CC1=CN=CC2=CC=CC=C12)N1CCCCC[C@H]1CC1=CC=CS1 |&1:19|	4.85	4.54
O=C(CC1=CN=CC2=CC=CC=C12)N1CC[C@H](C2(C3=CC=CC=C3)CC2)C1 |&1:16|	4.95	4.39
O=C(CC1=CN=CC2=CC=CC=C12)N1CCC[C@H]1CC1=CC=C(F)C=C1 |&1:17|	4.65	4.33
O=C(CC1=CN=CC2=CC=CC=C12)N1CCC[C@H]1C1CCCCCC1 |&1:17|	5.01	4.05
O=C(CC1=CN=CC2=CC=CC=C12)N1CCCC[C@H]1CCC1=CC=CC=C1 |&1:18|	4.67	4.51
O=C(CC1=CN=CC2=CC=CC=C12)N1CC[C@H](C2=CC=CC=C2F)C1 |&1:16|	4.84	4.07
O=C(CC1=CN=CC2=CC=CC=C12)N1CCOC[C@H]1C1=NC2=CC=CC=C2S1 |&1:18|	4.01	4.04
O=C(CC1=CN=CC2=CC=CC=C12)N1CCC[C@H]1C1=CC2=CC=CC=C2S1 |&1:17|	4.56	5.08
O=C(CC1=CN=CC2=CC=CC=C12)N1CC[C@H](C2CCC(F)(F)CC2)C1 |&1:16|	4.42	4.29
O=C(CC1=CN=CC2=CC=CC=C12)N1CCCC[C@H]1C1=NC2=CC=CC=C2S1 |&1:18|	4.45	5.06
CCC[C@]1(CC2=CC=CC=C2)CCCN1C(=O)CC1=CN=CC2=CC=CC=C12 |&1:3|	5.1	5.01
O=C(CC1=CN=CC2=CC=CC=C12)N1CC[C@](C2=CC=CC=C2)(C(F)(F)F)C1 |&1:16|	4.75	3.53
O=C(CC1=CN=CC2=CC=CC=C12)N1CCCC[C@H]1C1CCCC1 |&1:18|	5.34	4.78
C[C@H]1CN(C2=CN=CC3=CC=CC=C23)C(=O)[C@@]12CN(CC(=O)NC1COC1)C(=O)C1=CC=C(F)C=C12	6.44	5.5
O=C(CC1=CN=CC2=CC=CC=C12)N1CCN(CC2=CC=CC=C2)C[C@H]1C1CC1 |&1:25|	4.51	4.32
O=C(CC1=CN=CC2=CC=CC=C12)N1CCCN(CC2=CC=CC=C2)CC1	nan	4.26
O=C(CC1=CN=CC2=CC=CC=C12)N1C[C@H](F)C[C@H]1C1=CC=CC(F)=C1 |&1:15,&2:18|	5.58	4.1
O=C(CC1=CN=CC2=CC=CC=C12)N1CC[C@H](C(=O)N2CCCCCC2)C1 |&1:16|	nan	9.0
O=C(CC1=CN=CC2=CC=CC=C12)N1CCC[C@H](C[C@H]2CCOC2)C1 |&1:17,&2:19|	4.33	4.33
O=C(CC1=CN=CC2=CC=CC=C12)N1CC[C@H](CC2=CC=CC=N2)C1 |&1:16|	4.15	4.26
O=C([C@H]1CC2=CC=CC=C2CN1C(=O)CC1=CN=CC2=CC=CC=C12)N1CCCC1 |&1:2|	4.61	4.21
C[C@H]1C[C@H](C2=CSC=C2)CN1C(=O)CC1=CN=CC2=CC=CC=C12 |&1:1,&2:3|	5.05	4.1
O=C(CC1=CN=CC2=CC=CC=C12)N1CC[C@H]1CC1CCCC1 |&1:16|	4.92	4.62
C[C@H](C1=CC=CC=C1)[C@H]1CCCN(C(=O)CC2=CN=CC3=CC=CC=C23)C1 |&1:1,&2:8|	4.77	3.69
O=C(CC1=CN=CC2=CC=CC=C12)N1CC(CC2=CSC=C2)C1	4.65	4.29
O=C(CC1=CN=CC2=CC=CC=C12)N1CCC[C@H]1CC1=CC=NC=C1 |&1:17|	nan	3.95
O=C(CC1=CN=CC2=CC=CC=C12)N1CCC(CC2=CC=CC=N2)CC1	nan	4.22
CN1C[C@H](CC2=CC=CC=C2)N(C(=O)CC2=CN=CC3=CC=CC=C23)CC1=O |&1:3|	4.49	4.0
CN(C1=CC=CC=C1)[C@H]1CCN(C(=O)CC2=CN=CC3=CC=CC=C23)C1 |&1:8|	4.51	4.25
CC1=CC([C@H]2CCN(C(=O)CC3=CN=CC4=CC=CC=C34)C2)=CS1 |&1:4|	5.09	3.11
O=C(CC1=CN=CC2=CC=CC=C12)N1CCC(C2=NC=CS2)CC1	4.44	4.23
CC1=NC([C@H]2CCCN2C(=O)CC2=CN=CC3=CC=CC=C23)=CS1 |&1:4|	4.67	4.1
O=C(CC1=CN=CC2=CC=CC=C12)N1CCN(C2=CC=CN=C2)CC1	4.04	nan
O=C(CC1=CN=CC2=CC=CC=C12)N1CCCC2=CC=CC=C2CC1	5.01	4.04
O=C(CC1=CN=CC2=CC=CC=C12)N1CC(CC2=CC=CC=N2)C1	nan	4.24
O=C(CC1=CN=CC2=CC=CC=C12)N1CCC(C2=NC=CO2)CC1	4.11	4.3
C[C@H]1CC[C@H](C2=CC=CC=C2)N(C(=O)CC2=CN=CC3=CC=CC=C23)C1 |&1:1,&2:4|	5.02	4.82
CC1=CC(C)=NC([C@H]2CCN(C(=O)CC3=CN=CC4=CC=CC=C34)C2)=N1 |&1:7|	nan	9.0
CCN1CCC[C@H]1[C@H]1CCCN1C(=O)CC1=CN=CC2=CC=CC=C12 |&1:6,&2:7|	nan	4.28
O=C(CC1=CN=CC2=CC=CC=C12)N1CC[C@H](N2CCCCC2)C1 |&1:16|	4.08	nan
O=C(CC1=CN=CC2=CC=CC=C12)N1CCC(C(=O)N2CCCC2)CC1	nan	6.83
O=C(CC1=CN=CC2=CC=CC=C12)N1CC[C@](F)(C2=CC=CC=C2)C1 |&1:16|	4.73	4.4
O=C(CC1=CN=CC2=CC=CC=C12)N1CCN(CC2=CC=CC=C2)C[C@H]1C1=CC=CC=C1 |&1:25|	5.15	4.18
C[C@]1(C2=CC=C(F)C=C2)CCN(C(=O)CC2=CN=CC3=CC=CC=C23)C1 |&1:1|	4.84	4.6
O=C(CC1=CN=CC2=CC=CC=C12)N1CCC[C@H](N2C=CN=C2)C1 |&1:17|	4.21	9.0
CC1=CC=CC=C1C[C@H]1CCCN1C(=O)CC1=CN=CC2=CC=CC=C12 |&1:8|	4.43	4.09
O=C(CC1=CN=CC2=CC=CC=C12)N1CCC(C2=CSC=N2)CC1	4.1	nan
C=CC(=O)NC1=CC=C(Cl)C(N(CC2=CC=CC(Cl)=C2)C(=O)CC2=CN=CC3=CC=CC=C23)=C1	5.3	5.03
CC1(C)CN(C(=O)CC2=CN=CC3=CC=CC=C23)[C@H]1C1=CC=CS1 |&1:18|	4.86	4.6
C=C(CN(C(=O)[C@H]1CN(CC(=O)NC)CC2=CC=C(Cl)C=C21)C1=CN=CC2=CC=CC=C12)C(=O)NCC1=CC=C(OC)C=C1Cl	7.48	nan
C=C(CN(C(=O)[C@H]1CN(CC(=O)NC)CC2=CC=C(Cl)C=C21)C1=CN=CC2=CC=CC=C12)C(=O)NCC1=CC=C(Br)C=C1C	6.84	nan
C=C(CN(C(=O)[C@H]1CN(CC(=O)NC)CC2=CC=C(Cl)C=C21)C1=CN=CC2=CC=CC=C12)C(=O)N(CC1=CC=CC=C1)[C@H]1CCS(=O)(=O)C1	nan	9.0
C=C(CN(C(=O)[C@H]1CN(CC(=O)NC)CC2=CC=C(Cl)C=C21)C1=CN=CC2=CC=CC=C12)C(=O)N1CCC(C)(C(=O)NC)CC1	nan	6.59
C=C(CN(C(=O)[C@H]1CN(CC(=O)NC)CC2=CC=C(Cl)C=C21)C1=CN=CC2=CC=CC=C12)C(=O)N1CC[C@@H](C2=CC=C(F)C=C2)[C@H](COC2=CC=C3OCOC3=C2)C1	nan	6.41
C=C(CN(C(=O)[C@H]1CN(CC(=O)NC)CC2=CC=C(Cl)C=C21)C1=CN=CC2=CC=CC=C12)C(=O)NC1=NC=C(C(F)(F)F)C=C1	6.53	nan
C=C(CN(C(=O)[C@H]1CN(CC(=O)NC)CC2=CC=C(Cl)C=C21)C1=CN=CC2=CC=CC=C12)C(=O)NC1=CC=C2OCCOC2=C1	nan	6.6
C=C(CNC1=CC=CC(N(CC2=CC=CC(Cl)=C2)C(=O)CC2=CN=CC3=CC=CC=C23)=C1)C(=O)NC1=CC=CC=C1	4.99	4.79
O=C(CC1=CN=CC2=CC=CC=C12)N1CC2=CC=CC=C2[C@H](CC2CCCCC2)C1 |&1:21|	4.77	5.53
O=C(CC1=CN=CC2=CC=CC=C12)N1CC2=CC=CC=C2[C@H](C2=CC=CC=C2)C1 |&1:21|	4.55	4.99
O=C(CC1=CN=CC2=CC=CC=C12)N1CCC[C@H](N2CCCC2)C1 |&1:17|	nan	9.0
CC1=CC=C(CN2CCCN(C(=O)CC3=CN=CC4=CC=CC=C34)CC2)C=C1	nan	4.32
CC1=CC(NC(=O)NC2=CN(CC(C)C)C(=O)C3=CC=CC=C23)=NO1	5.2	5.03
C=CC(=O)NC1=CC=CC(N(CC2=CC=CC(C(=N)N)=C2)C(=O)CC2=CN=CC3=CC=CC=C23)=C1	5.18	4.27
CNC(=O)CN1C[C@@]2(C(=O)N(C3=CN=CC4=CC=CC=C34)C[C@@H]2COC)C2=CC(Cl)=CC=C2C1=O	7.54	5.89
COC[C@H]1CN(C2=CN=CC3=CC=CC=C23)C(=O)[C@@]12CN(C)C(=O)C1=CC=C(Cl)C=C12	5.48	3.8
O=C(CCl)N1CCN(CC2=CC=CC(Cl)=C2)[C@H]2CS(=O)(=O)C[C@H]21 |&1:16,&2:22|	7.26	4.54
C#CC1=CC=C(NC(=O)C=C)C=C1N(CC1=CC=CC(Cl)=C1)C(=O)CC1=CN=CC2=CC=CC=C12	nan	4.46
C=C(CN(C(=O)[C@H]1CN(CC(=O)NC)C(=O)C2=CC=C(Cl)C=C21)C1=CN=CC2=CC=CC=C12)C(=O)O |&1:6|	5.46	4.19
CN1CCN(CC2=CC=CC=C2B2OC(C)(C)C(C)(C)O2)CC1	nan	3.61
CN1C[C@H](C(=O)NC2=CN=CC3=CC=CC=C23)C2=CC(CC#N)=CC=C2C1=O |o1:3|	4.02	4.31
CN1C[C@H](C(=O)NC2=CN=CC3=CC=CC=C23)C2=CC(CC#N)=CC=C2C1=O |o1:3|	4.39	3.84
CNC(=O)CN1C[C@@]2(C(=O)N(C3=CN=CC4=CC=CC=C34)C[C@@H]2CS(=O)(=O)N(C)C)C2=CC(F)=CC=C2C1=O	6.83	4.07
CC1=CC=CC=C1NC(=O)C[C@H]1SC(=O)N(C2=CC=CC=C2)C1=O |&1:11|	6.23	4.83
CN1N=C(C2=CC=C(C(F)(F)F)C=C2)N=C2C1=NC(=O)N(C)C2=O	nan	6.9
COC1=CC=C(C(=O)NC2=CC=CC(/C=C3/C(=O)NC(=O)C4=CC=CC=C34)=C2)C=C1	5.04	nan
C=C(CN(C)C1=CC=CC(N(CC2=CC=CC(Cl)=C2)C(=O)CC2=CN=CC3=CC=CC=C23)=C1)C(=O)NC1=CC=CC=C1	4.46	4.84
CCC(=O)NC1=CC=CC(N(CC2=CC=CC=C2)C(=O)CC2=CN=CC3=CC=CC=C23)=C1	4.55	5.77
C[C@H]1CN(C2=CN=CC3=CC=CC=C23)C(=O)[C@@]12CN(CC1=NN=CN1C)C(=O)C1=CC=C(F)C=C12 |a:1,16|	6.37	5.47
C=C(CN(C(=O)[C@H]1CN(CC(=O)NC)CC2=CC=C(Cl)C=C21)C1=CN=CC2=CC=CC=C12)C(=O)NCC1=CC=C(OC)C=C1Cl |&1:6|	7.91	4.25
CNC(=O)CN1C[C@@]2(C(=O)N(C3=CN=CC4=CC=CC=C34)C[C@@H]2COC(C)C)C2=CC(Cl)=CC=C2C1=O |a:7,22|	6.94	5.55
CNC(=O)CN1C[C@@]2(C(=O)N(C3=CN=CC4=CC=CC=C34)C[C@@H]2COC(C)C)C2=CC(F)=CC=C2C1=O |a:7,22|	6.73	5.27
C=C(CN(C(=O)[C@H]1CN(CC(=O)NC)CC2=CC=C(Cl)C=C21)C1=CN=CC2=CC=CC=C12)C(=O)NC1=CC=C(N2C=CC=N2)C=C1 |&1:6|	5.55	4.81
CNC(=O)C1(N2C[C@]3(CCN(C4=CN=CC5=CC=CC=C45)C3=O)C3=CC(Cl)=CC=C3C2=O)CC1 |a:7|	7.54	5.78
CNC(=O)C1(N2C[C@@]3(CCN(C4=CN=CC5=CC=CC=C45)C3=O)C3=CC(Cl)=CC=C3C2=O)CC1 |a:7|	4.4	9.0
C[C@H]1CN(C2=CN=CC3=CC=CC=C23)C(=O)[C@@]12CN(CC1=NC=CC=N1)C(=O)C1=CC=C(F)C=C12 |a:1,16|	6.25	5.44
C[C@H]1CN(C2=CN=CC3=CC=CC=C23)C(=O)[C@@]12CN(CC1=NN=NN1)C(=O)C1=CC=C(F)C=C12 |a:1,16|	5.67	4.56
O=C1C2=CC=C(Cl)C=C2[C@@]2(CN1CCNCC(F)(F)F)C(=O)N(C1=CN=CC3=CC=CC=C13)C[C@@H]2CNC1=NC=CC=N1 |a:9,34|	6.91	5.94
CNC(=O)CN1C[C@@]2(C(=O)N(C3=CN=CC4=CC=CC=C34)C[C@@H]2CNC2=CC=NN2)C2=CC(Cl)=CC=C2C1=O |a:7,22|	8.1	6.3
CC1=NC(CN2C[C@@]3(C(=O)N(C4=CN=CC5=CC=CC=C45)C[C@@H]3C)C3=CC(F)=CC=C3C2=O)=CN1 |a:7,22|	7.56	6.3
CNC(=O)CN1C[C@@]2(C(=O)N(C3=CN=CC4=CC=CC=C34)C[C@@H]2CNC2=CNN=C2)C2=CC(Cl)=CC=C2C1=O |a:7,22|	7.21	5.41
C=C(CN(C(=O)[C@H]1CN(CC(=O)NC)C(=O)C2=CC=C(Cl)C=C21)C1=CN=CC2=CC=CC=C12)C(=O)NCC1=CC=C(OC)C=C1Cl |&1:6|	7.64	4.42
C=CC(=O)NC1=CC=CC(N(CC2=CC=CC(C3=CNC=C3)=C2)C(=O)CC2=CN=CC3=CC=CC=C23)=C1	4.05	4.59
C=C(CN(C(=O)[C@H]1CN(CC(=O)NC)C(=O)C2=CC=C(Cl)C=C21)C1=CN=CC2=CC=CC=C12)C(=O)NC1=CC=C(N2C=CC=N2)C=C1 |&1:6|	5.93	4.41
CNC(=O)CN1C[C@@]2(C(=O)N(C3=CN=CC4=CC=CC=C34)C[C@@H]2CNC2=CC=NC(C)=N2)C2=CC(Cl)=CC=C2C1=O |a:7,22|	7.5	6.76
COC[C@H]1CN(C2=CN=CC3=CC=CC=C23)C(=O)[C@@]12CN(CC1=CNN=C1)C(=O)C1=CC=C(Cl)C=C12 |a:3,18|	7.26	5.99
C=C(C(=O)OC)[C@H]1C[C@]2(CN(CC(=O)OC(C)(C)C)C(=O)C3=CC=C(Cl)C=C32)C(=O)N1C1=CN=CC2=CC=CC=C12 |&1:6,&2:8|	6.17	4.24
O=C1C2=CC=C(Cl)C=C2[C@@]2(CN1CCN1CC3(COC3)C1)C(=O)N(C1=CN=CC3=CC=CC=C13)C[C@@H]2CNC1=NC=CC=N1 |a:9,35|	7.24	6.43
C[C@H]1CN(C2=CN=CC3=CC=CC=C23)C(=O)[C@@]12CN(CCN(C)C)C(=O)C1=CC=C(Cl)C=C12 |a:1,16|	7.38	6.36
CNC(=O)CN1C[C@@]2(C(=O)N(C3=CN=CC4=CC=CC=C34)C[C@@H]2CF)C2=CC(Cl)=CC=C2C1=O |a:7,22|	7.51	5.77
C[C@H]1CN(C2=CN=CC3=CC=CC=C23)C(=O)[C@@]12CN(CCN1C[C@@H]3C[C@H]1CO3)C(=O)C1=CC=C(Cl)C=C12 |a:1,16,23,25|	8.0	6.5
O=C1C2=CC=C(Cl)C=C2[C@@]2(CN1CC1=NN=CO1)C(=O)N(C1=CN=CC3=CC=CC=C13)C[C@@H]2CNC1=CC=NC=N1 |a:9,32|	7.13	6.63
C=C(C(=O)O)[C@H]1C[C@]2(CN(CC(=O)OC(C)(C)C)C(=O)C3=CC=C(Cl)C=C32)C(=O)N1C1=CN=CC2=CC=CC=C12 |&1:5,&2:7|	5.53	3.56
C[C@H]1COC[C@H](C)N1CCN1C[C@@]2(C(=O)N(C3=CN=CC4=CC=CC=C34)C[C@@H]2C)C2=CC(Cl)=CC=C2C1=O |a:1,5,12,27|	8.02	6.58
C[C@H]1CN(C2=CN=CC3=CC=CC=C23)C(=O)[C@@]12CN(CCN1CCOC(F)(F)C1)C(=O)C1=CC=C(Cl)C=C12 |a:1,16|	7.89	6.4
CNCCN1C[C@@]2(C(=O)N(C3=CN=CC4=CC=CC=C34)C[C@@H]2COCC2(F)CC2)C2=CC(Cl)=CC=C2C1=O |a:6,21|	7.7	5.64
C#CC(=O)N1CCN(CC2=CC=CC(Cl)=C2)[C@H]2CS(=O)(=O)C[C@H]21 |&1:16,&2:22|	5.32	4.6
C=CC(=O)N1CCN(CC2=CC=CC(Cl)=C2)[C@H]2CS(=O)(=O)C[C@H]21 |&1:16,&2:22|	nan	1.43
C=CC(=O)N1CCCC2=C1C=CC=C2N(CC1=CC=CC(C(=O)NC)=C1)C(=O)CC1=CN=CC2=CC=CC=C12	4.2	4.45
C[C@H]1CN(C2=CN=CC3=CC=CC=C23)C(=O)[C@@]12CN(C1CNC1)C(=O)C1=CC=C(Cl)C=C12 |a:1,16|	7.27	6.16
CNCCN1C[C@@]2(C(=O)N(C3=CN=CC4=CC=CC=C34)C[C@@H]2COCC2(F)COC2)C2=CC(Cl)=CC=C2C1=O |a:6,21|	6.89	5.63
CCC(=O)N1CCCC2=C1C=CC=C2N(CC1=CC=CC(Cl)=C1)C(=O)CC1=CN=CC2=CC=CC=C12	5.89	5.69
O=C(N1CCN(CC2=CC=CC(Cl)=C2)[C@H]2CS(=O)(=O)C[C@H]21)C12CC1C2 |&1:14,&2:20|	nan	4.25
N#CN1CCN(CC2=CC=CC(Cl)=C2)[C@H]2CS(=O)(=O)C[C@H]21 |&1:14,&2:20|	nan	8.56
C=CC(=O)N1CCCC2=C1C=CC=C2N(C(=O)CC1=CN=CC2=CC=CC=C12)C1(C2=CC=CC(Cl)=C2)COC1	4.99	5.01
C=C(C(=O)NC1=CC=CC=C1)[C@H]1C[C@]2(CN(CC(=O)NC)C(=O)C3=CC=C(Cl)C=C32)C(=O)N1C1=CN=CC2=CC=CC=C12 |&1:11,&2:13|	5.59	4.59
CC#CC(=O)N1CCN(CC2=CC=CC(Cl)=C2)[C@H]2CS(=O)(=O)C[C@H]21 |&1:17,&2:23|	nan	4.18
C=CC(=O)N1CCCC2=C1C=CC=C2N(CC1=CC=CC(C2=CC=CN2)=C1)C(=O)CC1=CN=CC2=CC=CC=C12	4.79	5.41
C=CC(=O)N1CCCC2=C1C=CC=C2N(CC1=CC=CC(N2CC3(CCC3)C2)=C1)C(=O)CC1=CN=CC2=CC=CC=C12	nan	4.8
CNCCN1C[C@@]2(C(=O)N(C3=CN=CC4=CC=CC=C34)C[C@@H]2COCC2CS(=O)(=O)C2)C2=CC(Cl)=CC=C2C1=O |a:6,21|	7.26	6.39
CNCCN1C[C@@]2(C(=O)N(C3=CN=CC4=CC=CC=C34)C[C@@H]2CNC2=NC=NC=N2)C2=CC(Cl)=CC=C2C1=O |a:6,21|	7.4	6.75
CNCCN1C[C@@]2(C(=O)N(C3=CN=CC4=CC=CC=C34)C[C@@H]2COCC2COC2)C2=CC(Cl)=CC=C2C1=O |a:6,21|	6.92	5.58
C=CC(=O)N1CCCC2=C1C=CC=C2N(CC1=CC=CC([C@H]2CCCN2)=C1)C(=O)CC1=CN=CC2=CC=CC=C12 |&1:21|	4.26	4.27
C[C@H](OC(C)(C)C)[C@@H](NC(=O)OCC1=CC=CC(OCCCCCCOC2=CC=CC3=C2C(=O)N([C@H]2CCC(=O)NC2=O)C3=O)=C1)C(=O)N[C@H](CC1CCCCC1)C(=O)N[C@H](C=O)C[C@@H]1CCNC1=O |a:1,7,49,60,64,&1:35|	5.41	4.16
C=CC(=O)N1CCC2=CC=C(N(CC3=CC=CC(Cl)=C3)C(=O)CC3=CN=CC4=CC=CC=C34)C=C21	5.75	6.34
C=CC(=O)N1CCCC2=CC=C(N(CC3=CC=CC(Br)=C3)C(=O)CC3=CN=CC4=CC=CC=C34)C=C21	7.62	6.35
C=CC(=O)N1CCCC2=CC=C(N(CC3=CC=CC(Cl)=C3)C(=O)CC3=CN=CC4=C(F)C=CC=C34)C=C21	7.41	6.14
C=CC(=O)N1CCCC2=CC=C(N(CC3=CC=CC(C4=CC=CC=C4)=C3)C(=O)CC3=CN=CC4=CC=CC=C34)C=C21	5.88	5.03
C=CC(=O)N1CCCC2=CC=C(N(CC3=CC=CC(C(F)(F)F)=C3)C(=O)CC3=CN=CC4=CC=CC=C34)C=C21	7.4	5.8
C=CC(=O)N1CCCC2=CC=C(N(C(=O)CC3=CN=CC4=CC=CC=C34)N(C)C3=CC=CC(Cl)=C3)C=C21	8.19	5.79
C=CC[C@H](NC1=CC=CC(C2=NNN=N2)=C1)C1=CC(Cl)=CC(NC(=O)OCC2=CC=CC=C2)=C1 |&1:3|	4.11	4.54
C=CC[C@H](NC1=CC=CC(C2=NNN=N2)=C1)C1=CC(Cl)=CC2=C1C=NN2 |&1:3|	nan	4.65
C=CC[C@H](NC1=CC(Cl)=CC(NC(=O)OCC2=CC=CC=C2)=C1)C1=CC=CC(CN)=C1 |&1:3|	4.43	4.43
C=CC[C@H](NC1=CC=CC(C(=O)O)=C1)C1=CC(Cl)=CC2=C1C=NN2 |&1:3|	4.42	4.39
CCNS(=O)(=O)OCC(=O)N1CCN(CC2=CC=CC(Cl)=C2)[C@H]2CS(=O)(=O)C[C@@H]21 |&1:22,28|	nan	2.74
CNS(=O)(=O)OCC(=O)N1CCN(CC2=CC=CC(Cl)=C2)[C@H]2CS(=O)(=O)C[C@@H]21 |&1:21,27|	nan	4.25
CC(C)CNS(=O)(=O)OCC(=O)N1CCN(CC2=CC=CC(Cl)=C2)[C@H]2CS(=O)(=O)C[C@@H]21 |&1:24,30|	7.26	6.0
C=CC(=O)N1C[C@H](CO)CC2=CC=C(N(CC3=CC=CC(Cl)=C3)C(=O)CC3=CN=CC4=CC=CC=C34)C=C21 |&1:6|	nan	5.71
CC(C)NS(=O)(=O)OCC(=O)N1CCN(CC2=CC=CC(Cl)=C2)[C@H]2CS(=O)(=O)C[C@@H]21 |&1:23,29|	nan	4.52
O=C1C2=CC=C(Cl)C=C2[C@@]2(CN1CC1CNC1)C(=O)N(C1=CN=CC3=CC=CC=C13)C[C@@H]2CNC1=NN=CS1 |a:9,31|	7.56	6.58
C=CC(=O)N1CCCCC2=CC=C(N(CC3=CC=C(Cl)C=C3)C(=O)CC3=CN=CC4=CC=CC=C34)C=C21	4.56	4.55
C=CC[C@H](NC1=CC=CC(Cl)=C1)C1=CC=CC(C2=NNN=N2)=C1 |&1:3|	4.62	4.87
C=CC(=O)N1C[C@H](C(N)=O)CC2=CC=C(N(CC3=CC=CC(Cl)=C3)C(=O)CC3=CN=CC4=CC=CC=C34)C=C21 |&1:6|	6.66	6.05
C=CC[C@H](NC1=CC=C2CNCC2=C1)C1=CC(Cl)=CC2=C1C=NN2 |&1:3|	4.65	4.35
O=C(CC1=CN=CC2=CC=CC=C12)N1CC[C@]2(CC=CCO2)C1 |&1:16|	5.16	nan
C[C@H](F)[C@H]1CCCN1C(=O)CC1=CN=CC2=CC=CC=C12 |&1:1,&2:3|	4.07	nan
CNS(=O)(=O)[C@H]1CCCN(C(=O)CC2=CN=CC3=CC=CC=C23)C1 |&1:5|	4.25	nan
O=C(CC1=CN=CC2=CC=CC=C12)N1[C@H]2CC[C@H]1C1=NC=CC=C12 |&1:14,&2:17|	4.65	nan
O=C(CC1=CN=CC2=CC=CC=C12)N1CC[C@@H](OC2=CC=C(F)C=C2)C1 |a:16|	4.46	nan
CN1C=C([C@H]2CCCN2C(=O)CC2=CN=CC3=CC=CC=C23)C(C(F)F)=N1 |&1:4|	4.31	nan
COC1=CC=CC=C1[C@@H]1C[C@H](C)CCN1C(=O)CC1=CN=CC2=CC=CC=C12 |&1:8,10|	5.98	6.22
CO[C@]1(C(F)(F)F)CCN(C(=O)CC2=CN=CC3=CC=CC=C23)C1 |&1:2|	5.07	nan
CC(C)C1=NC([C@H]2CCCN(C(=O)CC3=CN=CC4=CC=CC=C34)C2)=NO1 |&1:6|	4.04	nan
O=C(CC1=CN=CC2=CC=CC=C12)N1CCC[C@]2(C=CC3=CC=CC=C3O2)C1 |&1:17|	4.17	nan
N#CC1(C2=CC=CC=C2)CCN(C(=O)CC2=CN=CC3=CC=CC=C23)CC1	5.36	4.6
O=C1C[C@H]2CCN(C(=O)CC3=CN=CC4=CC=CC=C34)C[C@H]2N1 |&1:3,21|	4.03	nan
O=C(CC1=CN=CC2=CC=CC=C12)N1CC[C@H](C2=CC=CC(F)=C2)C1 |&1:16|	5.07	nan
C[C@]1(C2=CC=CC=C2)CCCN(C(=O)CC2=CN=CC3=CC=CC=C23)C1 |&1:1|	4.57	nan
O=C(CC1=CN=CC2=CC=CC=C12)N1CC[C@H]2CCC(F)(F)C[C@H]2C1 |&1:16,&2:23|	6.05	5.17
O=C(CC1=CN=CC2=CC=CC=C12)N1CC[C@]2(CCCC3=CC=CC=C32)C1 |&1:16|	5.26	nan
C[C@H]1CCN(C(=O)CC2=CN=CC3=CC=CC=C23)[C@@H](C2CCOCC2)C1 |&1:1,18|	5.13	nan
CN1N=CC=C1[C@H]1CCCN1C(=O)CC1=CN=CC2=CC=CC=C12 |&1:6|	4.26	nan
CC[C@H]1C[C@@H](C(F)(F)F)CCN1C(=O)CC1=CN=CC2=CC=CC=C12 |&1:2,4|	5.89	5.64
O=C(CC1=CN=CC2=CC=CC=C12)N1CCC[C@H]1C=CC1=CC=CS1 |&1:17|	4.88	nan
O=C(CC1=CN=CC2=CC=CC=C12)N1CCC[C@]2(C1)OC[C@H]1C[C@H]12 |&1:17,&2:21,23|	4.02	nan
CO[C@H]1[C@H]2C[C@H]3CN(C(=O)CC4=CN=CC5=CC=CC=C45)[C@H]1[C@H]3C2 |&1:2,&2:3,&3:5,&4:21,&5:22|	4.23	nan
O=C(CC1=CN=CC2=CC=CC=C12)N1[C@H]2C=CC[C@H]1CCC2 |&1:14,&2:18|	5.24	4.4
O=C(CC1=CN=CC2=CC=CC=C12)N1CC[C@H](S(=O)(=O)C(F)F)C1 |&1:16|	4.63	nan
O=C(CC1=CN=CC2=CC=CC=C12)N1C[C@@H]2[C@H](C1)[C@H]2C(F)F |a:15,16,18|	4.96	nan
CS(=O)(=O)CC[C@H]1CCCCN1C(=O)CC1=CN=CC2=CC=CC=C12 |&1:6|	4.06	nan
CC1(C2=CC=CC=C2)CCN(C(=O)CC2=CN=CC3=CC=CC=C23)CC1	5.16	nan
CC(C)[C@]1(C#N)CCN(C(=O)CC2=CN=CC3=CC=CC=C23)C1 |&1:3|	5.9	4.75
CCO[C@H]1C[C@H](C)N(C(=O)CC2=CN=CC3=CC=CC=C23)[C@H](C)C1 |&1:3,&2:5,&3:21|	4.57	nan
O=C(CC1=CN=CC2=CC=CC=C12)N1CCC[C@H]1C1=NOC(C2CC2)=C1 |&1:17|	4.51	nan
O=C(CC1=CN=CC2=CC=CC=C12)N1CCCC[C@H]1CC(F)(F)F |&1:18|	4.32	nan
O=C(CC1=CN=CC2=CC=CC=C12)N1CCC[C@H](C2=CC=CC(F)=C2)C1 |&1:17|	5.1	nan
O=C(CC1=CN=CC2=CC=CC=C12)N1CCC(C2=CC=NO2)CC1	4.87	nan
O=C(CC1=CN=CC2=CC=CC=C12)N1CCC[C@H](C2=NOC=C2)C1 |&1:17|	4.47	nan
O=C(CC1=CN=CC2=CC=CC=C12)N1C[C@H]2CS(=O)(=O)C[C@H]2C1 |a:15,21|	4.63	nan
CCC1=NOC([C@H]2CCCN2C(=O)CC2=CN=CC3=CC=CC=C23)=C1 |&1:6|	4.25	nan
O=C(CC1=CN=CC2=CC=CC=C12)N1C[C@H]2COC[C@@]2(C2=CC=CC=C2)C1 |&1:15,19|	5.17	nan
O=C(CC1=CN=CC2=CC=CC=C12)N1CC[C@H]2CCO[C@H]2C1 |&1:16,20|	4.23	nan
O=C(CC1=CN=CC2=CC=CC=C12)N1CCC[C@H](C2CCOCC2)C1 |&1:17|	4.34	nan
CCC1=CC=CC([C@H]2CCN(C(=O)CC3=CN=CC4=CC=CC=C34)C2)=C1 |&1:7|	4.55	nan
O=C(CC1=CN=CC2=CC=CC=C12)N1C[C@H]2CCCCCC[C@H]2C1 |&1:15,&2:22|	5.87	4.53
CN1C[C@H]2[C@H](CCCN2C(=O)CC2=CN=CC3=CC=CC=C23)C1=O |&1:3,4|	4.05	nan
O=C(CC1=CN=CC2=CC=CC=C12)N1CCC[C@H]1CCCN1C=CC=N1 |&1:17|	4.15	nan
O=C(CC1=CN=CC2=CC=CC=C12)N1C[C@H]2C=C[C@H]1CC2 |&1:15,&2:18|	4.66	nan
O=C(CC1=CN=CC2=CC=CC=C12)N1CCC2(C=CC3=CC=CC=C3O2)CC1	5.79	4.23
O=C(CC1=CN=CC2=CC=CC=C12)N1C[C@H](C2=CC=CC=C2)[C@H]2CCC[C@H]21 |&1:15,&2:22,&3:26|	5.2	nan
COC[C@H]1CC[C@@H](C2=CC=C(F)C=C2)N1C(=O)CC1=CN=CC2=CC=CC=C12 |a:3,6|	5.01	nan
CC1=NN=C(NC[C@H]2CN(C3=CN=CC4=CC=CC=C34)C(=O)[C@@]23CN(CC2=NNC=C2)C(=O)C2=CC=C(Cl)C=C23)S1 |a:7,22|	7.62	7.34
CC1(C)CN(C(=O)CC2=CN=CC3=CC=CC=C23)[C@H]2COC[C@H]21 |&1:18,22|	4.42	nan
CCO[C@@H]1CCCN(C(=O)CC2=CN=CC3=CC=CC=C23)C1 |a:3|	4.14	nan
O=C(CC1=CN=CC2=CC=CC=C12)N1CCCC[C@H]1C1=NOC=N1 |&1:18|	4.37	nan
COC1=CC=CC(C[C@H]2CCCN2C(=O)CC2=CN=CC3=CC=CC=C23)=C1 |&1:8|	5.23	4.26
O=C(CC1=CN=CC2=CC=CC=C12)N1CC[C@]2(CC(C(F)F)=NO2)C1 |&1:16|	4.62	nan
CN1C=C([C@H]2CCCCN2C(=O)CC2=CN=CC3=CC=CC=C23)C=N1 |&1:4|	4.27	nan
CC1=CSC(C[C@H]2CCCN(C(=O)CC3=CN=CC4=CC=CC=C34)C2)=N1 |&1:6|	4.17	nan
O=C(CC1=CN=CC2=CC=CC=C12)N1C[C@H]2[C@@](C3=CC=CC=C3)(C1)CS2(=O)=O |&1:15,16|	4.75	nan
O=C(C1=CC=CS1)C1CCN(C(=O)CC2=CN=CC3=CC=CC=C23)CC1	4.78	nan
CC1=NN(C[C@H]2CCCCN2C(=O)CC2=CN=CC3=CC=CC=C23)C(C)=C1 |&1:5|	4.19	nan
C[C@H]1CCC[C@H](CCN(C)C)N1C(=O)CC1=CN=CC2=CC=CC=C12 |&1:1,&2:5|	4.24	nan
O=C(CC1=CN=CC2=CC=CC=C12)N1CCC2=NOC=C2C1	5.49	4.5
O=C(CC1=CN=CC2=CC=CC=C12)N1CC[C@H](OC2=CC=CC(F)=C2)C1 |&1:16|	4.86	nan
C[C@H]1CN(C(=O)CC2=CN=CC3=CC=CC=C23)[C@H](C)CC1=O |&1:1,&2:17|	4.14	nan
CN1C=C([C@H]2CN(C(=O)CC3=CN=CC4=CC=CC=C34)CC2(C)C)C=N1 |&1:4|	4.34	nan
C[C@H]1CC(F)(F)CCN1C(=O)CC1=CN=CC2=CC=CC=C12 |&1:1|	5.32	5.57
CC1=NN=C([C@H]2CCCCN2C(=O)CC2=CN=CC3=CC=CC=C23)O1 |&1:5|	4.01	nan
CCC(=O)[C@H]1CCCCN1C(=O)CC1=CN=CC2=CC=CC=C12 |&1:4|	4.34	nan
COC1=CC=CC=C1C[C@H]1CCCN1C(=O)CC1=CN=CC2=CC=CC=C12 |&1:9|	4.41	nan
O=C(CC1=CN=CC2=CC=CC=C12)N1CCC(CN2CCCC2=O)CC1	4.46	nan
O=C(CC1=CN=CC2=CC=CC=C12)N1CC(F)(F)C(F)(F)C(F)(F)C1	4.25	nan
CCC1=NC([C@H]2CCCN2C(=O)CC2=CN=CC3=CC=CC=C23)=NO1 |&1:5|	4.2	nan
O=C(CC1=CN=CC2=CC=CC=C12)N1CC[C@H]2CCC[C@H]21 |&1:16,20|	4.21	nan
O=C(CC1=CN=CC2=CC=CC=C12)N1CC[C@H](C2=CC=CS2)C1 |&1:16|	5.11	nan
COC1=CC=CC=C1C[C@H]1CCN(C(=O)CC2=CN=CC3=CC=CC=C23)C1 |&1:9|	4.88	nan
O=C(CC1=CN=CC2=CC=CC=C12)N1C[C@@H]2[C@H](C1)[C@@H]2C(F)(F)F |a:15,16,18|	4.3	nan
O=C(CC1=CN=CC2=CC=CC=C12)N1CC[C@H]2CC[C@H]2C1 |&1:16,19|	4.99	5.22
O=C(CC1=CN=CC2=CC=CC=C12)N1CCC2(CC1)C[C@H]2F |&1:20|	5.11	4.57
O=C(CC1=CN=CC2=CC=CC=C12)N1CCC([C@H]2CCO2)CC1 |&1:17|	4.43	nan
COC[C@H]1CC12CCN(C(=O)CC1=CN=CC3=CC=CC=C13)CC2 |&1:3|	4.59	nan
CO[C@H]1CCN(C(=O)CC2=CN=CC3=CC=CC=C23)C[C@H]1C |&1:2,&2:20|	4.45	4.99
O=C(CC1=CN=CC2=CC=CC=C12)N1CCC2(CCOCC2)CC1	4.3	nan
O=C(CC1=CN=CC2=CC=CC=C12)N1CCC2(CC1)CC2(F)F	5.2	nan
CO[C@H](C)C1CCN(C(=O)CC2=CN=CC3=CC=CC=C23)CC1 |&1:2|	5.34	4.12
O=C(CC1=CN=CC2=CC=CC=C12)N1CC[C@H]2COC[C@H]2C1 |&1:16,&2:20|	4.28	4.07
C[C@H]1[C@@H]2CN(C(=O)CC3=CN=CC4=CC=CC=C34)C[C@H]12 |a:1,2,19|	5.0	nan
C[C@H]1CCN(C(=O)CC2=CN=CC3=CC=CC=C23)C[C@H]1F |&1:1,19|	5.51	5.34
C[C@H]1CCN(C(=O)CC2=CN=CC3=CC=CC=C23)[C@@H](C(F)(F)F)C1 |&1:1,18|	5.43	5.18
O=C(CC1=CN=CC2=CC=CC=C12)N1CCC([C@H]2CCCO2)CC1 |&1:17|	4.52	nan
COC1CCN(C(=O)CC2=CN=CC3=CC=CC=C23)CC1	4.59	nan
O=C(CC1=CN=CC2=CC=CC=C12)N1CCC(F)(F)CC1	5.17	5.18
O=C(CC1=CN=CC2=CC=CC=C12)N1CCC2(CCO2)CC1	4.57	nan
C[C@H]1C[C@@H](C(F)(F)F)CCN1C(=O)CC1=CN=CC2=CC=CC=C12 |&1:1,3|	5.93	5.56
CC1(F)CCN(C(=O)CC2=CN=CC3=CC=CC=C23)CC1	5.31	5.4
O=C(CC1=CN=CC2=CC=CC=C12)N1CCC(CC2CC2)CC1	5.56	4.01
O=C(CC1=CN=CC2=CC=CC=C12)N1C[C@@H]2[C@H](C1)[C@H]2C(F)(F)F |a:15,16,18|	5.32	4.65
COC[C@@H]1[C@H]2CCN(C(=O)CC3=CN=CC4=CC=CC=C34)C[C@H]21 |&1:3,4,22|	4.26	nan
O=C(CC1=CN=CC2=CC=CC=C12)N1CCC2(CC1)CS(=O)(=O)C2	4.32	nan
O=C(CC1=CN=CC2=CC=CC=C12)N1CCC2(CCCC2)CC1	5.79	4.67
COC1CC2(CCN(C(=O)CC3=CN=CC4=CC=CC=C34)CC2)C1	5.36	4.27
O=C(CC1=CN=CC2=CC=CC=C12)N1CCC2(CC1)CCS2(=O)=O	4.6	nan
O=C(CC1=CN=CC2=CC=CC=C12)N1CCC2(CCC2)CC1	5.85	5.14
O=C(CC1=CN=CC2=CC=CC=C12)N1CCC2(CCCO2)CC1	4.95	nan
O=C(CC1=CN=CC2=CC=CC=C12)N1CCC2(CCOC2)CC1	4.97	nan
O=C1NC[C@H]2CN(C(=O)CC3=CN=CC4=CC=CC=C34)CC[C@@H]12 |&1:4,22|	4.06	nan
O=C1CC2(CCN(C(=O)CC3=CN=CC4=CC=CC=C34)CC2)CN1	4.16	nan
CC(C)O[C@H]1CCN(C(=O)CC2=CN=CC3=CC=CC=C23)[C@@H](C)C1 |&1:4,21|	4.39	nan
O=C(CC1=CN=CC2=CC=CC=C12)N1CCC(OC2CC2)CC1	4.29	nan
O=C(CC1=CN=CC2=CC=CC=C12)N1CCC2(CCCCO2)CC1	5.24	nan
O=C(CC1=CN=CC2=CC=CC=C12)N1CC[C@H]2CCC[C@H]2C1 |&1:16,20|	5.67	5.35
C[C@H]1[C@@H]2CCN(C(=O)CC3=CN=CC4=CC=CC=C34)C[C@H]12 |&1:1,2,20|	5.58	5.34
CC[C@H](C)OC1CCN(C(=O)CC2=CN=CC3=CC=CC=C23)CC1 |&1:2|	4.33	nan
COCCC1CCN(C(=O)CC2=CN=CC3=CC=CC=C23)CC1	5.0	nan
O=C(CC1=CN=CC2=CC=CC=C12)N1CCC(C2CC2)CC1	5.77	4.81
C[C@H]1CCN(C(=O)CC2=CN=CC3=CC=CC=C23)CC1(F)F |&1:1|	5.4	5.01
C[C@H]1CCN(C(=O)CC2=CN=CC3=CC=CC=C23)[C@@H](C)C1 |a:1,18|	5.49	5.2
O=C(CC1=CN=CC2=CC=CC=C12)N1CCC2(CC1)COCCO2	4.88	nan
CO[C@H]1CCN(C(=O)CC2=CN=CC3=CC=CC=C23)[C@@H](C)C1 |&1:2,19|	4.55	nan
O=C(CC1=CN=CC2=CC=CC=C12)N1CCC2(CC1)CC2	5.15	4.66
O=C(CC1=CN=CC2=CC=CC=C12)N1CC[C@H]2C[C@H]2C1 |&1:16,&2:18|	4.55	4.62
COC1(C)CCN(C(=O)CC2=CN=CC3=CC=CC=C23)CC1	4.76	nan
O=C(COS(=O)(=O)NCC1=CC=CC=C1)N1CCN(CC2=CC=CC(Cl)=C2)[C@H]2CS(=O)(=O)C[C@@H]21 |&1:27,33|	4.93	4.23
O=C(CC1=CN=CC2=CC=CC=C12)N1CCC2(CC1)COC2	4.27	nan
C[C@H]1CCN(C(=O)CC2=CN=CC3=CC=CC=C23)C[C@H]1C |&1:1,&2:19|	5.53	4.85
CO[C@@H]1C[C@@H]2C[C@H]1CN2C(=O)CC1=CN=CC2=CC=CC=C12 |&1:2,4,6|	4.27	nan
COC(C)(C)C1CCN(C(=O)CC2=CN=CC3=CC=CC=C23)CC1	5.08	nan
CC1=NC2=CC=CC=C2N1C[C@H]1CCCN1C(=O)CC1=CN=CC2=CC=CC=C12 |&1:11|	nan	4.3
CN(C)[C@]1(C)CCN(C(=O)CC2=CN=CC3=CC=CC=C23)C1 |&1:3|	4.19	nan
O=C(CC1=CN=CC2=CC=CC=C12)N1CCC[C@H](C2=CNC3=CC=CC=C23)C1 |&1:17|	4.57	nan
O=C(CC1=CN=CC2=CC=CC=C12)N1CC[C@H](CC2=CC=C(F)C(F)=C2)C1 |&1:16|	4.71	nan
C[C@H]1CCC[C@@H](CNC(=O)C(F)(F)F)N1C(=O)CC1=CN=CC2=CC=CC=C12 |&1:1,5|	4.42	nan
O=C(CC1=CN=CC2=CC=CC=C12)N1C[C@H]2CCCS(=O)(=O)[C@H]2C1 |&1:15,22|	4.04	nan
CN1C=C([C@H]2CCCN2C(=O)CC2=CN=CC3=CC=CC=C23)C2=CC=CC=C21 |&1:4|	4.76	4.6
CN1CC2(CCN(C(=O)CC3=CN=CC4=CC=CC=C34)CC2)C2=CC=CC=C21	4.54	4.27
O=C(CC1=CN=CC2=CC=CC=C12)N1[C@H]2CCC[C@H]1C1=C(C2)NN=C1 |&1:14,&2:18|	4.82	nan
C[C@H]1C[C@H](C2CCCCC2)CN1C(=O)CC1=CN=CC2=CC=CC=C12 |&1:1,&2:3|	5.22	nan
O=C(CC1=CN=CC2=CC=CC=C12)N1CCC[C@H]1CCC1=CC=CC=C1 |&1:17|	4.83	nan
CC[C@H]1CN(C(=O)CC2=CN=CC3=CC=CC=C23)C[C@@H]1C1=CC=C(OC)C=C1 |&1:2,19|	4.88	nan
O=C(CC1=CN=CC2=CC=CC=C12)N1CCC2(C[C@H]1C(F)(F)F)OCCO2 |&1:18|	4.78	nan
CC1=CC=CC=C1[C@H]1C[C@H](C)N(C(=O)CC2=CN=CC3=CC=CC=C23)C1 |&1:7,&2:9|	4.86	nan
COCC1(F)CCN(C(=O)CC2=CN=CC3=CC=CC=C23)CC1	4.63	nan
COC1=CC=CC([C@H](C)[C@H]2CCN(C(=O)CC3=CN=CC4=CC=CC=C34)C2)=C1 |&1:7,&2:9|	4.79	nan
O=C(CC1=CN=CC2=CC=CC=C12)N1CCC(OC2CCC2)CC1	4.3	nan
C[C@H]1CCN(C(=O)CC2=CN=CC3=CC=CC=C23)[C@H]2C(=O)NC[C@H]12 |&1:1,&2:18,&3:23|	5.28	nan
N#C[C@H](C1=CC=CC=C1)[C@H]1CCCN1C(=O)CC1=CN=CC2=CC=CC=C12 |&1:2,&2:9|	4.46	nan
O=C1C[C@H]2COC[C@H](C1)N2C(=O)CC1=CN=CC2=CC=CC=C12 |&1:3,&2:7|	4.27	nan
CN1N=CC=C1C[C@H]1CCCN1C(=O)CC1=CN=CC2=CC=CC=C12 |a:7|	4.12	4.36
CC1=NC=CC(CN2C[C@@]3(C(=O)N(C4=CN=CC5=CC=CC=C45)C[C@@H]3CNC3=NN=C(C(F)(F)F)S3)C3=CC(Cl)=CC=C3C2=O)=N1 |a:9,24|	7.36	7.23
O=C(CC1=CN=CC2=CC=CC=C12)N1CC(F)(F)CC2(CCC2)C1	4.22	nan
C[C@H]1C[C@H](C2=CC=CS2)CN1C(=O)CC1=CN=CC2=CC=CC=C12 |&1:1,&2:3|	5.11	nan
O=C(CC1=CN=CC2=CC=CC=C12)N1CC[C@H](OC(F)(F)F)C1 |&1:16|	5.62	4.74
C[C@H]1C[C@H](C2=CC=CC=C2)CCN1C(=O)CC1=CN=CC2=CC=CC=C12 |&1:1,&2:3|	4.85	nan
CN1CCC[C@H]2CCN(C(=O)CC3=CN=CC4=CC=CC=C34)C[C@H]21 |&1:5,&2:23|	4.37	nan
O=C(CC1=CN=CC2=CC=CC=C12)N1CCC[C@H](OC2=CC=CC=C2)C1 |&1:17|	4.27	nan
O=C(CC1=CN=CC2=CC=CC=C12)N1C[C@H]2CC[C@H]2[C@H]1C1=CC=CC=C1 |&1:15,18,19|	5.26	4.84
COC1=CC=CC([C@H]2C[C@H](C)CN2C(=O)CC2=CN=CC3=CC=CC=C23)=C1 |&1:7,&2:9|	5.02	5.5
C[C@H]1C[C@H](C)N(C(=O)CC2=CN=CC3=CC=CC=C23)C1 |&1:1,&2:3|	4.38	4.26
N#CC1[C@H]2CC[C@H]1CN(C(=O)CC1=CN=CC3=CC=CC=C13)C2 |&1:3,&2:6|	4.86	nan
CN(C[C@H]1CCCN1C(=O)CC1=CN=CC2=CC=CC=C12)C1=CC=CC=C1 |&1:3|	4.91	nan
CCN1C=CN=C1[C@H]1CCCCN1C(=O)CC1=CN=CC2=CC=CC=C12 |&1:7|	4.14	4.22
CS(=O)(=O)C[C@@H]1C[C@@H]2CCC[C@@H]2N1C(=O)CC1=CN=CC2=CC=CC=C12 |a:5,7,11|	4.22	nan
CCC1=CC=C([C@H]2C[C@H](C)CCN2C(=O)CC2=CN=CC3=CC=CC=C23)O1 |&1:6,8|	6.27	6.01
O=C(CC1=CN=CC2=CC=CC=C12)N1[C@H]2CC[C@H]1CS(=O)(=O)C2 |&1:14,&2:17|	4.31	nan
O=C(CC1=CN=CC2=CC=CC=C12)N1CCC(NC2=CC=CC3=NC=CC=C23)CC1	4.07	nan
COC1=CC=CC([C@]2(F)CCN(C(=O)CC3=CN=CC4=CC=CC=C34)C2)=C1 |&1:7|	4.87	nan
C[C@H]1CN(C(=O)CC2=CN=CC3=CC=CC=C23)CC2=CNN=C21 |&1:1|	4.09	nan
O=C(CC1=CN=CC2=CC=CC=C12)N1C[C@@H]2C[C@H]1CN2C1=CC=CC=C1 |a:15,17|	4.14	nan
N#CC1CC2(CCN(C(=O)CC3=CN=CC4=CC=CC=C34)C2)C1	4.06	nan
COCC(=O)[C@H]1CCCCN1C(=O)CC1=CN=CC2=CC=CC=C12 |&1:5|	4.06	nan
COC1=CC=CC=C1OC[C@H]1CCCN1C(=O)CC1=CN=CC2=CC=CC=C12 |a:10|	4.14	4.88
CN(C)C1=NOC([C@H]2CCCN2C(=O)CC2=CN=CC3=CC=CC=C23)=N1 |&1:7|	nan	4.51
O=C(CC1=CN=CC2=CC=CC=C12)N1CCC[C@H]1C1=CC=CC(F)=C1F |&1:17|	5.27	4.01
O=C1C2=CC=C(Cl)C=C2[C@@]2(CN1CC1=NNC=C1)C(=O)N(C1=CN=CC3=CC=CC=C13)C[C@@H]2CNC1=NN=CO1 |a:9,32|	8.18	7.12
O=C(CC1=CN=CC2=CC=CC=C12)N1CC[C@]2(CCCC3=CC=CC=C32)C1 |o1:16|	5.35	3.55
O=C(CC1=CN=CC2=CC=CC=C12)N1CC[C@]2(CCCC3=CC=CC=C32)C1 |o1:16|	5.54	4.53
C[C@H]1CCCN(C(=O)CC2=CN=CC3=CC=CC=C23)CC1 |o1:1|	5.79	5.22
C[C@H]1CCCN(C(=O)CC2=CN=CC3=CC=CC=C23)CC1 |o1:1|	5.55	5.13
O=C(CC1=CN=CC2=CC=CC=C12)N1C[C@H]2CCCCCC[C@@H]2C1 |o1:15,22|	5.76	4.09
O=C(CC1=CN=CC2=CC=CC=C12)N1C[C@H]2CCCCCC[C@@H]2C1 |o1:15,22|	6.03	4.08
O=C(CC1=CN=CC2=CC=CC=C12)N1CC[C@]2(CC=CCO2)C1 |o1:16|	5.16	4.53
O=C(CC1=CN=CC2=CC=CC=C12)N1CC[C@]2(CC=CCO2)C1 |o1:16|	5.34	4.11
COC1=CC=CC=C1[C@@H]1C[C@H](C)CCN1C(=O)CC1=CN=CC2=CC=CC=C12 |o1:8,10|	5.87	6.22
COC1=CC=CC=C1[C@@H]1C[C@H](C)CCN1C(=O)CC1=CN=CC2=CC=CC=C12 |o1:8,10|	6.19	6.16
O=C(CC1=CN=CC2=CC=CC=C12)N1CC[C@H]2CCC(F)(F)C[C@H]2C1 |o1:16,23|	6.28	5.23
O=C(CC1=CN=CC2=CC=CC=C12)N1CC[C@H]2CCC(F)(F)C[C@H]2C1 |o1:16,23|	5.33	4.08
C[C@H]1CC(F)(F)CCN1C(=O)CC1=CN=CC2=CC=CC=C12 |o1:1|	5.49	5.77
C[C@H]1CC(F)(F)CCN1C(=O)CC1=CN=CC2=CC=CC=C12 |o1:1|	5.29	5.59
O=C(CC1=CN=CC2=CC=CC=C12)N1CC[C@H](C2=CC=CC(F)=C2)C1 |o1:16|	5.03	4.85
O=C(CC1=CN=CC2=CC=CC=C12)N1CC[C@H](C2=CC=CC(F)=C2)C1 |o1:16|	5.28	4.06
CO[C@]1(C(F)(F)F)CCN(C(=O)CC2=CN=CC3=CC=CC=C23)C1 |o1:2|	5.23	4.7
CO[C@]1(C(F)(F)F)CCN(C(=O)CC2=CN=CC3=CC=CC=C23)C1 |o1:2|	5.15	4.48
C[C@H]1CCN(C(=O)CC2=CN=CC3=CC=CC=C23)[C@@H](C2CCOCC2)C1 |o1:1,18|	5.15	4.26
C[C@H]1CCN(C(=O)CC2=CN=CC3=CC=CC=C23)[C@@H](C2CCOCC2)C1 |o1:1,18|	5.34	5.27
CC[C@H]1C[C@@H](C(F)(F)F)CCN1C(=O)CC1=CN=CC2=CC=CC=C12 |o1:2,4|	6.13	5.49
CC[C@H]1C[C@@H](C(F)(F)F)CCN1C(=O)CC1=CN=CC2=CC=CC=C12 |o1:2,4|	5.92	5.87
COC1=CC=CC(C[C@H]2CCCN2C(=O)CC2=CN=CC3=CC=CC=C23)=C1 |o1:8|	5.28	4.05
COC1=CC=CC(C[C@H]2CCCN2C(=O)CC2=CN=CC3=CC=CC=C23)=C1 |o1:8|	5.36	4.57
O=C(CC1=CN=CC2=CC=CC=C12)N1[C@H]2C=CC[C@@H]1CCC2 |o1:14,18|	5.45	4.83
O=C(CC1=CN=CC2=CC=CC=C12)N1[C@H]2C=CC[C@@H]1CCC2 |o1:14,18|	4.95	4.61
CC(C)[C@]1(C#N)CCN(C(=O)CC2=CN=CC3=CC=CC=C23)C1 |o1:3|	5.1	4.46
CC(C)[C@]1(C#N)CCN(C(=O)CC2=CN=CC3=CC=CC=C23)C1 |o1:3|	6.23	4.42
CC1=CSC2=C1CN(C(=O)CC1=CN=CC3=CC=CC=C13)CC2	6.48	4.99
CC1=NN=C(NC[C@H]2CN(C3=CN=CC4=CC=CC=C34)C(=O)[C@@]23CN(CC2=NNC=C2)C(=O)C2=CC=C(Cl)C=C23)O1 |a:7,22|	7.68	6.93
CC1=CC2=C(CCN(C(=O)CC3=CN=CC4=CC=CC=C34)C2)S1	5.38	3.98
O=C(CC1=CN=CC2=CC=CC=C12)N1C[C@H]2CC[C@H]2[C@H]1C1=CC=CC=C1 |o1:15,18,19|	4.75	4.58
O=C(CC1=CN=CC2=CC=CC=C12)N1C[C@H]2CC[C@H]2[C@H]1C1=CC=CC=C1 |o1:15,18,19|	5.44	5.02
O=C(CC1=CN=CC2=CC=CC=C12)N1CCC[C@H]1C1=CC=CC(F)=C1F |o1:17|	4.26	4.43
O=C(CC1=CN=CC2=CC=CC=C12)N1CCC[C@H]1C1=CC=CC(F)=C1F |o1:17|	5.61	4.09
O=C(CC1=CC=CN=C1)N1CCC2=C(C=CS2)C1	4.47	4.4
O=C(CC1=CN=CC2=CC=CC=C12)N1CC[C@H]2CC[C@H]1C2 |&1:16,&2:19|	4.67	4.81
C[C@H]1CCN(C(=O)CC2=CN=CC3=CC=CC=C23)[C@H]2C(=O)NC[C@@H]12 |o1:1,18,23|	5.49	4.41
C[C@H]1CCN(C(=O)CC2=CN=CC3=CC=CC=C23)[C@H]2C(=O)NC[C@@H]12 |o1:1,18,23|	5.21	4.65
C[C@H]1CN(C(=O)CC2=CN=CC3=CC=CC=C23)CCC12COC2 |&1:1|	4.03	4.29
C[C@H]1C[C@H]2C[C@@H]1CN2C(=O)CC1=CN=CC2=CC=CC=C12 |&1:1,3,5|	4.98	4.78
C[C@H]1CCN(C(=O)CC2=CN=CC3=CC=CC=C23)C[C@H]1O |&1:1,19|	nan	4.93
O=C(CC1=CN=CC2=CC=CC=C12)N1CCC2(O)CC1C2	nan	4.22
C[C@H]1CCN(C(=O)CC2=CN=CC3=CC=CC=C23)C[C@@H]1O |&1:1,19|	4.6	4.06
CCC1=CC=C([C@H]2C[C@H](C)CCN2C(=O)CC2=CN=CC3=CC=CC=C23)O1 |o1:6,8|	5.93	5.22
C[C@@H](O)C1CCN(C(=O)CC2=CN=CC3=CC=CC=C23)CC1 |a:1|	4.32	4.35
N#CC1CCN(C(=O)CC2=CN=CC3=CC=CC=C23)CC1	4.74	4.01
CN1CCN(C(=O)CC2=CN=CC3=CC=CC=C23)CC1	nan	4.34
O=C(CC1=CN=CC2=CC=CC=C12)N1CC[C@H](OC(F)(F)F)C1 |o1:16|	5.18	4.5
O=C(CC1=CN=CC2=CC=CC=C12)N1CC[C@H](OC(F)(F)F)C1 |o1:16|	5.99	4.92
C[C@H]1CN(C)CCN1C(=O)CC1=CN=CC2=CC=CC=C12 |&1:1|	nan	4.92
O=C(CC1=CN=CC2=CC=CC=C12)N1CC[C@H]2C[C@@H]1C2 |a:16,18|	4.39	4.48
C[C@H]1C[C@H]2CC[C@@H](C1)N2C(=O)CC1=CN=CC2=CC=CC=C12 |a:1,3,6|	5.38	4.82
O=C(CC1=CN=CC2=CC=CC=C12)N1C[C@H]2C[C@H]2C1 |&1:15,&2:17|	4.19	4.23
O=C(CC1=CN=CC2=CC=CC=C12)N1CC[C@H]2COC[C@H]1C2 |&1:16,&2:20|	4.14	4.07
O=C(CC1=CN=CC2=CC=CC=C12)N1CC[C@H]2CCC[C@H]1C2 |&1:16,&2:20|	4.97	5.06
CC1(O)CCN(C(=O)CC2=CN=CC3=CC=CC=C23)CC1	4.62	4.38
CO[C@@H]1CN(C(=O)CC2=CN=CC3=CC=CC=C23)CC[C@H]1C |&1:2,20|	5.07	4.45
CC1(C)[C@H]2CN(C(=O)CC3=CN=CC4=CC=CC=C34)C[C@H]21 |&1:3,&2:20|	5.46	5.2
O=C(CC1=CN=CC2=CC=CC=C12)N1C[C@H]2C[C@@H]1[C@@H]1C[C@H]21 |&1:15,17,18,20|	4.44	4.06
O=C(CC1=CN=CC2=CC=CC=C12)N1CCC(CF)CC1	5.63	5.16
COCC1(C)CCN(C(=O)CC2=CN=CC3=CC=CC=C23)CC1	4.93	4.1
O=C(CC1=CN=CC2=CC=CC=C12)N1CC[C@H]2C[C@H](O)C[C@H]2C1 |&1:16,21,&2:18|	4.16	4.87
O=C(CC1=CN=CC2=CC=CC=C12)N1CCC2=C(C=CS2)[C@H]1C1CC1 |&1:21|	6.49	5.1
CC1=CC=C2CN(C(=O)CC3=CN=CC4=CC=CC=C34)CCC2=N1	4.44	4.35
O=C(CC1=CN=CC2=CC=CC=C12)N1C[C@H](O)C2CC1C2 |&1:15|	nan	4.31
CC(C)[C@H]1C2=C(CCN1C(=O)CC1=CN=CC3=CC=CC=C13)SC=C2 |&1:3|	6.86	5.53
O=C(CC1=CN=CC2=CC=CC=C12)N1CC[C@H]2[C@H](F)[C@H]2C1 |&1:16,&2:17,&3:19|	5.2	5.15
O=C(CC1=CN=CC2=CC=CC=C12)N1CC[C@@]2(O)C[C@H]2C1 |&1:16,19|	nan	4.61
O=C1C2=CC=C(Cl)C=C2[C@@]2(CN1CC1=NNC=C1)C(=O)N(C1=CN=CC3=CC=CC=C13)C[C@@H]2CNC1=NN=C(C(F)(F)F)S1 |a:9,32|	7.34	7.22
O=C(CC1=CN=CC2=CC=CC=C12)N1CCC2=NC=C(C(F)(F)F)C=C2C1	4.4	4.24
O=C(CC1=CN=CC2=CC=CC=C12)N1CCC2=NC(C(F)(F)F)=CC=C2C1	4.13	4.26
O=C(CC1=CN=CC2=CC=CC=C12)N1CCC2=NC=CC=C2C1	4.26	4.28
C[C@H]1CC2=C(C=CS2)CN1C(=O)CC1=CN=CC2=CC=CC=C12 |&1:1|	6.48	5.21
C[C@H]1C2=CC=CN=C2CCN1C(=O)CC1=CN=CC2=CC=CC=C12 |&1:1|	4.34	4.28
O=C(CC1=CN=CC2=CC=CC=C12)N1CCC2=NC=C(O)C=C2C1	nan	4.24
CC1=CN=C2CCN(C(=O)CC3=CN=CC4=CC=CC=C34)CC2=C1	5.03	4.76
C[C@H]1CN(C(=O)CC2=CN=CC3=CC=CC=C23)CC2=C1SC=C2 |&1:1|	5.7	4.48
O=C(CC1=CN=CC2=CC=CC=C12)N1CCC2=C(C=CS2)[C@H]1C1=CC=CC=C1 |&1:21|	6.88	5.56
O=C(CC1=CN=CC2=CC=CC=C12)N1CCC(CC(F)(F)F)CC1	5.69	4.41
CC(C)[C@H]1C2=C(CCN1C(=O)CC1=CN=CC3=CC=CC=C13)SC=C2 |o1:3|	5.49	4.6
COC[C@H]1C2=C(CCN1C(=O)CC1=CN=CC3=CC=CC=C13)SC=C2 |&1:3|	6.3	5.23
O=C(COS(=O)(=O)NCC1=CC=CC=C1)N1CCN(CC2=CC=CC(Cl)=C2)[C@H]2CS(=O)(=O)C[C@H]21 |&1:27,33|	5.55	5.1
C[C@H]1CC2=C(C=CS2)CN1C(=O)CC1=CN=CC2=CC=CC=C12 |o1:1|	5.16	4.51
C[C@H]1CC2=C(C=CS2)CN1C(=O)CC1=CN=CC2=CC=CC=C12 |o1:1|	6.7	5.29
C[C@H](C(=O)N1CCC2=C(C=CS2)C1)C1=CN=CC2=CC=CC=C12 |&1:1|	4.09	4.27
O=C(CC1=CN=CC2=CC=CC=C12)N1CCC2=NC=C(Cl)C=C2C1	4.48	4.29
CNC(=O)C[C@@H]1CCCN(C(=O)CC2=CN=CC3=CC=CC=C23)C1 |a:5|	nan	4.25
CC(C)(F)C1CCN(C(=O)CC2=CN=CC3=CC=CC=C23)CC1	6.02	4.6
O=C(CC1=CN=CC2=CC=CC=C12)N1CCC[C@@H](C(F)(F)F)C1 |a:17|	4.74	4.0
C[C@H]1CCN(C(=O)CC2=CN=CC3=CC=CC=C23)C[C@H]1C |o1:1,19|	5.26	4.88
C[C@H]1CCN(C(=O)CC2=CN=CC3=CC=CC=C23)C[C@H]1C |o1:1,19|	4.9	4.57
O=C(CC1=CN=CC2=CC=CC=C12)N1CCC[C@H](C(F)(F)F)CC1 |&1:17|	6.33	5.59
C[C@H]1CN(C(=O)CC2=CN=CC3=CC=CC=C23)CC2=C1SC=C2 |o1:1|	5.34	4.21
C[C@H]1CN(C(=O)CC2=CN=CC3=CC=CC=C23)CC2=C1SC=C2 |o1:1|	5.92	4.6
C#CC1(C)CCN(C(=O)CC2=CN=CC3=CC=CC=C23)CC1	5.33	4.99
N#CC[C@@H]1CCCN(C(=O)CC2=CN=CC3=CC=CC=C23)C1 |a:3|	4.34	4.3
O=C(CC1=CN=CC2=CC=CC=C12)N1CCC[C@H](CCO)C1 |a:17|	4.1	4.26
CCC1(C)CCN(C(=O)CC2=CN=CC3=CC=CC=C23)CC1	6.13	5.3
O=C(CN(CC1=CC=CC(Cl)=C1)C(=O)CC1=CN=CC2=CC=CC=C12)N1CCCC1	5.75	4.87
CNC(=O)CN(CC1=CC=CC(Cl)=C1)C(=O)CC1=CN=CC2=CC=CC=C12	5.36	4.64
C[C@H]1CCN(C(=O)CC2=CN=CC3=CC=CC=C23)C[C@@H]1C |o1:1,19|	4.97	4.61
C[C@H]1CCN(C(=O)CC2=CN=CC3=CC=CC=C23)C[C@@H]1C |o1:1,19|	6.17	5.19
CC[C@@H]1C[C@H](C)CCN1C(=O)CC1=CN=CC2=CC=CC=C12 |&1:2,4|	5.64	5.59
O=C(CC1=CN=CC2=CC=CC=C12)N1CCC[C@H](C(F)(F)F)C1 |a:17|	5.43	4.62
CO[C@H]1C[C@H](O)CN(C(=O)CC2=CN=CC3=CC=CC=C23)C1 |a:2,4|	nan	4.17
NC(=O)[C@H]1CCCN(C(=O)CC2=CN=CC3=CC=CC=C23)C1 |a:3|	4.06	4.24
CNC(=O)C[C@H]1CCCCN1C(=O)CC1=CN=CC2=CC=CC=C12 |a:5|	nan	4.9
CC1(C(F)(F)F)CCN(C(=O)CC2=CN=CC3=CC=CC=C23)CC1	6.11	5.14
O=C(CC1=CN=CC2=CC=CC=C12)N1CCC2=C(C=CS2)[C@H]1C1CC1 |o1:21|	5.32	4.68
O=C(CC1=CN=CC2=CC=CC=C12)N1CCC2=C(C=CS2)[C@H]1C1CC1 |o1:21|	6.73	5.41
CO[C@@H]1C[C@H](O)CN(C(=O)CC2=CN=CC3=CC=CC=C23)C1 |a:2,4|	nan	4.2
NC(=O)CN(CC1=CC=CC(Cl)=C1)C(=O)CC1=CN=CC2=CC=CC=C12	5.48	4.74
CC(C)CC1CCN(C(=O)CC2=CN=CC3=CC=CC=C23)CC1	5.31	4.46
O=C(CC1=CN=CC2=CC=CC=C12)N1CCC([C@H]2CCOC2)CC1 |o1:17|	4.57	4.25
O=C(CC1=CN=CC2=CC=CC=C12)N1CCC([C@H]2CCOC2)CC1 |o1:17|	4.68	4.27
O=C(CC1=CN=CC2=CC=CC=C12)N1CCCC2(CC2)C1	4.41	4.11
CC(=O)N[C@@H]1CCCN(C(=O)CC2=CN=CC3=CC=CC=C23)C1 |a:4|	nan	4.24
NC(=O)O[C@H]1CCCN(C(=O)CC2=CN=CC3=CC=CC=C23)C1 |a:4|	nan	4.26
O=C(CC1=CN=CC2=CC=CC=C12)N1CCC[C@@H](CCO)C1 |a:17|	nan	4.27
CNS(=O)(=O)OCC(=O)N1CCN(CC2=CC=CC(Cl)=C2)[C@H]2CS(=O)(=O)C[C@H]21 |&1:21,27|	6.38	5.57
O=C(CC1=CN=CC2=CC=CC=C12)N1CC[C@@H]2CCCC[C@H]2C1 |a:16,21|	6.09	4.6
CNC(=O)[C@H]1CCCN(C(=O)CC2=CN=CC3=CC=CC=C23)C1 |a:4|	nan	4.22
C[C@H]1CCCN(C(=O)CC2=CN=CC3=CC=CC=C23)[C@H]1C |o1:1,19|	5.06	4.4
O=C(O)C[C@H]1CCCN(C(=O)CC2=CN=CC3=CC=CC=C23)C1 |a:4|	nan	4.22
